TEST_PARAM.comment:,lr44 2x

SourceMeter Model:,2450
SourceMeter S/N:,04036355
SourceMeter Firmware:,1.7.5b

TEST_PARAM.terminals:,FRONT TERMINALS

TEST_PARAM.initial_voc:,3.0592660904
TEST_PARAM.vcutoff:,1.65

TEST_PARAM.discharge_type:,CONSTANT
TEST_PARAM.discharge_current:,0.05
TEST_PARAM.max_discharge_current:,0.05

TEST_PARAM.measure_interval:,2

TEST_PARAM.discharge_start_time:,02/26/21 14:04:37
TEST_PARAM.discharge_stop_time:,02/26/21 14:35:54

BATT_MODEL_RAW:,Index,Timestamp,Voc,Vload,ESR
BATT_MODEL_RAW:,1,0.03483104,3.0448379517,2.7652053833,5.5926513672
BATT_MODEL_RAW:,2,2.03546566,2.9426994324,2.6627998352,5.5979919434
BATT_MODEL_RAW:,3,4.03572704,2.904296875,2.6254768372,5.5764007568
BATT_MODEL_RAW:,4,6.03655048,2.879108429,2.601146698,5.5592346191
BATT_MODEL_RAW:,5,8.03752154,2.8601493835,2.5830345154,5.5422973633
BATT_MODEL_RAW:,6,10.03837794,2.8448104858,2.5685195923,5.5258178711
BATT_MODEL_RAW:,7,12.03943766,2.8318901062,2.5564041138,5.5097198486
BATT_MODEL_RAW:,8,14.04036922,2.8206672668,2.5459518433,5.4943084717
BATT_MODEL_RAW:,9,16.04137458,2.8107719421,2.5368385315,5.4786682129
BATT_MODEL_RAW:,10,18.04243174,2.8018989563,2.5287055969,5.4638671875
BATT_MODEL_RAW:,11,20.04324932,2.7938652039,2.5213928223,5.4494476318
BATT_MODEL_RAW:,12,22.04393114,2.7864608765,2.5147514343,5.4341888428
BATT_MODEL_RAW:,13,24.0450685,2.7796440125,2.5086517334,5.4198455811
BATT_MODEL_RAW:,14,26.04572488,2.7733001709,2.5029945374,5.4061126709
BATT_MODEL_RAW:,15,28.04637458,2.7673377991,2.4976425171,5.3939056396
BATT_MODEL_RAW:,16,30.04731076,2.761756897,2.4926872253,5.3813934326
BATT_MODEL_RAW:,17,32.04825146,2.756477356,2.4879684448,5.3701782227
BATT_MODEL_RAW:,18,34.0490977,2.7514572144,2.483455658,5.3600311279
BATT_MODEL_RAW:,19,36.04983566,2.7466926575,2.479183197,5.350189209
BATT_MODEL_RAW:,20,38.05060052,2.7421531677,2.475151062,5.3400421143
BATT_MODEL_RAW:,21,40.05145906,2.7378196716,2.4712219238,5.3319549561
BATT_MODEL_RAW:,22,42.05211574,2.7336425781,2.4674797058,5.3232574463
BATT_MODEL_RAW:,23,44.05309526,2.7295951843,2.4637908936,5.3160858154
BATT_MODEL_RAW:,24,46.05372376,2.7256965637,2.4602012634,5.3099060059
BATT_MODEL_RAW:,25,48.05478884,2.7219657898,2.4567146301,5.3050231934
BATT_MODEL_RAW:,26,50.05584718,2.7183036804,2.4533004761,5.3000640869
BATT_MODEL_RAW:,27,52.05682028,2.714756012,2.4499435425,5.2962493896
BATT_MODEL_RAW:,28,54.05750846,2.7113227844,2.4466667175,5.2931213379
BATT_MODEL_RAW:,29,56.05835194,2.7079734802,2.4434585571,5.2902984619
BATT_MODEL_RAW:,30,58.05931292,2.7047309875,2.440322876,5.2881622314
BATT_MODEL_RAW:,31,60.06026168,2.7015647888,2.4372711182,5.2858734131
BATT_MODEL_RAW:,32,62.06084676,2.6984710693,2.434223175,5.2849578857
BATT_MODEL_RAW:,33,64.06201912,2.6954307556,2.4312095642,5.2844238281
BATT_MODEL_RAW:,34,66.06313972,2.6925048828,2.4283332825,5.2834320068
BATT_MODEL_RAW:,35,68.06420826,2.6895866394,2.4253730774,5.2842712402
BATT_MODEL_RAW:,36,70.06512624,2.6867485046,2.4224891663,5.2851867676
BATT_MODEL_RAW:,37,72.06593152,2.683971405,2.4197006226,5.2854156494
BATT_MODEL_RAW:,38,74.06694498,2.6812858582,2.4169654846,5.2864074707
BATT_MODEL_RAW:,39,76.06772112,2.6786117554,2.4142074585,5.2880859375
BATT_MODEL_RAW:,40,78.06876236,2.6759872437,2.4115104675,5.2895355225
BATT_MODEL_RAW:,41,80.06989944,2.6734008789,2.4087867737,5.2922821045
BATT_MODEL_RAW:,42,82.0701022,2.6709022522,2.4062004089,5.2940368652
BATT_MODEL_RAW:,43,84.07037076,2.6683959961,2.4035148621,5.2976226807
BATT_MODEL_RAW:,44,86.07111618,2.6658706665,2.40076828,5.3020477295
BATT_MODEL_RAW:,45,88.07160496,2.6634254456,2.3981399536,5.3057098389
BATT_MODEL_RAW:,46,90.07257846,2.6610336304,2.3955192566,5.3102874756
BATT_MODEL_RAW:,47,92.07370894,2.6586875916,2.3929824829,5.3141021729
BATT_MODEL_RAW:,48,94.07470654,2.6563415527,2.3903808594,5.3192138672
BATT_MODEL_RAW:,49,96.07555432,2.6540374756,2.3878364563,5.3240203857
BATT_MODEL_RAW:,50,98.07630704,2.6517601013,2.3853530884,5.3281402588
BATT_MODEL_RAW:,51,100.07727358,2.6495285034,2.3828544617,5.333480835
BATT_MODEL_RAW:,52,102.0776698,2.647315979,2.3804016113,5.3382873535
BATT_MODEL_RAW:,53,104.0785183,2.645160675,2.3779830933,5.3435516357
BATT_MODEL_RAW:,54,106.07959648,2.6429786682,2.3755645752,5.3482818604
BATT_MODEL_RAW:,55,108.08019018,2.6408462524,2.3731384277,5.3541564941
BATT_MODEL_RAW:,56,110.08128478,2.6387405396,2.3707313538,5.3601837158
BATT_MODEL_RAW:,57,112.08149994,2.6366539001,2.3683586121,5.3659057617
BATT_MODEL_RAW:,58,114.0821037,2.634601593,2.3659934998,5.3721618652
BATT_MODEL_RAW:,59,116.083262,2.6325645447,2.363697052,5.3773498535
BATT_MODEL_RAW:,60,118.08423152,2.6305732727,2.3614082336,5.3833007813
BATT_MODEL_RAW:,61,120.08525402,2.6285743713,2.3591156006,5.389175415
BATT_MODEL_RAW:,62,122.08602106,2.6266098022,2.3568077087,5.3960418701
BATT_MODEL_RAW:,63,124.0870658,2.6246681213,2.3545837402,5.4016876221
BATT_MODEL_RAW:,64,126.08803758,2.6227493286,2.3523788452,5.407409668
BATT_MODEL_RAW:,65,128.08879856,2.6208534241,2.3501243591,5.4145812988
BATT_MODEL_RAW:,66,130.08902352,2.6189460754,2.3479309082,5.4203033447
BATT_MODEL_RAW:,67,132.08967938,2.6170959473,2.3457298279,5.4273223877
BATT_MODEL_RAW:,68,134.09074524,2.6152114868,2.3435173035,5.433883667
BATT_MODEL_RAW:,69,136.09188154,2.6133728027,2.3413505554,5.4404449463
BATT_MODEL_RAW:,70,138.0925838,2.6115493774,2.3391914368,5.4471588135
BATT_MODEL_RAW:,71,140.09374176,2.609752655,2.3370170593,5.4547119141
BATT_MODEL_RAW:,72,142.09439678,2.6079711914,2.3348731995,5.4619598389
BATT_MODEL_RAW:,73,144.09557316,2.6061897278,2.3327484131,5.4688262939
BATT_MODEL_RAW:,74,146.09633848,2.604434967,2.3306541443,5.4756164551
BATT_MODEL_RAW:,75,148.0971354,2.6026802063,2.3285293579,5.4830169678
BATT_MODEL_RAW:,76,150.0979221,2.6009407043,2.326423645,5.4903411865
BATT_MODEL_RAW:,77,152.09832388,2.5992202759,2.3243637085,5.4971313477
BATT_MODEL_RAW:,78,154.09914588,2.5975151062,2.3223075867,5.5041503906
BATT_MODEL_RAW:,79,156.10021984,2.5958061218,2.3202323914,5.5114746094
BATT_MODEL_RAW:,80,158.10130106,2.5941429138,2.3182144165,5.5185699463
BATT_MODEL_RAW:,81,160.10200998,2.5924682617,2.3161811829,5.5257415771
BATT_MODEL_RAW:,82,162.10282628,2.5907974243,2.3141365051,5.5332183838
BATT_MODEL_RAW:,83,164.10366518,2.5891609192,2.3121147156,5.5409240723
BATT_MODEL_RAW:,84,166.10431284,2.5875167847,2.3101119995,5.5480957031
BATT_MODEL_RAW:,85,168.10510176,2.5858955383,2.3081283569,5.5553436279
BATT_MODEL_RAW:,86,170.10623238,2.5843048096,2.3061561584,5.5629730225
BATT_MODEL_RAW:,87,172.10662686,2.582698822,2.3041915894,5.5701446533
BATT_MODEL_RAW:,88,174.10767586,2.5811157227,2.3022842407,5.5766296387
BATT_MODEL_RAW:,89,176.1084682,2.579536438,2.3003578186,5.5835723877
BATT_MODEL_RAW:,90,178.10888644,2.577960968,2.298412323,5.5909729004
BATT_MODEL_RAW:,91,180.10985426,2.5764007568,2.2964859009,5.5982971191
BATT_MODEL_RAW:,92,182.11064658,2.5748329163,2.2945709229,5.6052398682
BATT_MODEL_RAW:,93,184.11160726,2.5732955933,2.2926635742,5.6126403809
BATT_MODEL_RAW:,94,186.11235786,2.5717506409,2.2907600403,5.6198120117
BATT_MODEL_RAW:,95,188.11346578,2.5702171326,2.2888832092,5.6266784668
BATT_MODEL_RAW:,96,190.11422802,2.5686759949,2.2869873047,5.6337738037
BATT_MODEL_RAW:,97,192.11500902,2.5671653748,2.2851448059,5.640411377
BATT_MODEL_RAW:,98,194.11592656,2.5656738281,2.2833061218,5.647354126
BATT_MODEL_RAW:,99,196.11657022,2.5641860962,2.2814674377,5.6543731689
BATT_MODEL_RAW:,100,198.11763108,2.5626716614,2.2795753479,5.6619262695
BATT_MODEL_RAW:,101,200.11814306,2.5611763,2.277721405,5.6690979004
BATT_MODEL_RAW:,102,202.11861376,2.5596923828,2.275894165,5.6759643555
BATT_MODEL_RAW:,103,204.11974214,2.5582351685,2.2740783691,5.6831359863
BATT_MODEL_RAW:,104,206.12080472,2.5567741394,2.2722854614,5.6897735596
BATT_MODEL_RAW:,105,208.12182898,2.5553245544,2.2704849243,5.6967926025
BATT_MODEL_RAW:,106,210.1229794,2.553894043,2.2687301636,5.7032775879
BATT_MODEL_RAW:,107,212.12401498,2.552444458,2.2669334412,5.7102203369
BATT_MODEL_RAW:,108,214.12421936,2.5510368347,2.2652130127,5.7164764404
BATT_MODEL_RAW:,109,216.12536768,2.5496063232,2.2634963989,5.7221984863
BATT_MODEL_RAW:,110,218.12616648,2.5481987,2.2617530823,5.7289123535
BATT_MODEL_RAW:,111,220.12712306,2.546787262,2.2600631714,5.7344818115
BATT_MODEL_RAW:,112,222.12788246,2.5453681946,2.2583198547,5.7409667969
BATT_MODEL_RAW:,113,224.12870354,2.543964386,2.2566223145,5.7468414307
BATT_MODEL_RAW:,114,226.12937578,2.5425682068,2.254940033,5.7525634766
BATT_MODEL_RAW:,115,228.12991124,2.5411834717,2.2532653809,5.7583618164
BATT_MODEL_RAW:,116,230.13047442,2.5397720337,2.2515525818,5.7643890381
BATT_MODEL_RAW:,117,232.1312308,2.5383872986,2.2498703003,5.7703399658
BATT_MODEL_RAW:,118,234.13187442,2.5370025635,2.2481803894,5.7764434814
BATT_MODEL_RAW:,119,236.1326344,2.5356407166,2.2465438843,5.7819366455
BATT_MODEL_RAW:,120,238.13315194,2.5342826843,2.2449264526,5.7871246338
BATT_MODEL_RAW:,121,240.13420288,2.5329246521,2.2433052063,5.792388916
BATT_MODEL_RAW:,122,242.1351241,2.5315704346,2.2417030334,5.7973480225
BATT_MODEL_RAW:,123,244.13565816,2.5302391052,2.2401199341,5.8023834229
BATT_MODEL_RAW:,124,246.13661208,2.52891922,2.2385177612,5.8080291748
BATT_MODEL_RAW:,125,248.13757676,2.5275535583,2.2369384766,5.8123016357
BATT_MODEL_RAW:,126,250.1379681,2.5262336731,2.2353973389,5.8167266846
BATT_MODEL_RAW:,127,252.1390242,2.5249137878,2.2338523865,5.8212280273
BATT_MODEL_RAW:,128,254.14020856,2.5235900879,2.2322883606,5.8260345459
BATT_MODEL_RAW:,129,256.1407064,2.5222969055,2.2307548523,5.8308410645
BATT_MODEL_RAW:,130,258.14165824,2.5209388733,2.2291793823,5.8351898193
BATT_MODEL_RAW:,131,260.14250814,2.5196456909,2.2276649475,5.8396148682
BATT_MODEL_RAW:,132,262.14353324,2.5183334351,2.2261657715,5.8433532715
BATT_MODEL_RAW:,133,264.14443,2.5170974731,2.224697113,5.8480072021
BATT_MODEL_RAW:,134,266.14501132,2.5157966614,2.2232246399,5.8514404297
BATT_MODEL_RAW:,135,268.14586648,2.5145378113,2.2218360901,5.8540344238
BATT_MODEL_RAW:,136,270.14663526,2.513256073,2.2203483582,5.8581542969
BATT_MODEL_RAW:,137,272.14742722,2.5119552612,2.2188835144,5.8614349365
BATT_MODEL_RAW:,138,274.14793026,2.5107269287,2.2174339294,5.8658599854
BATT_MODEL_RAW:,139,276.14870102,2.5094223022,2.2159805298,5.8688354492
BATT_MODEL_RAW:,140,278.1493546,2.5081443787,2.2145462036,5.871963501
BATT_MODEL_RAW:,141,280.14996618,2.5068969727,2.213092804,5.876083374
BATT_MODEL_RAW:,142,282.15071632,2.5056114197,2.2116546631,5.8791351318
BATT_MODEL_RAW:,143,284.15139538,2.504360199,2.2102355957,5.8824920654
BATT_MODEL_RAW:,144,286.15186516,2.5030784607,2.2087669373,5.8862304688
BATT_MODEL_RAW:,145,288.1524488,2.5018310547,2.2073478699,5.8896636963
BATT_MODEL_RAW:,146,290.15312098,2.5005912781,2.2060012817,5.8917999268
BATT_MODEL_RAW:,147,292.15377944,2.499370575,2.2045860291,5.895690918
BATT_MODEL_RAW:,148,294.1549389,2.4981002808,2.2031707764,5.8985900879
BATT_MODEL_RAW:,149,296.15584094,2.4968719482,2.2017707825,5.9020233154
BATT_MODEL_RAW:,150,298.15679602,2.4956359863,2.2004165649,5.9043884277
BATT_MODEL_RAW:,151,300.15720072,2.4944000244,2.1990203857,5.9075927734
BATT_MODEL_RAW:,152,302.15763522,2.4933280945,2.1979293823,5.9079742432
BATT_MODEL_RAW:,153,304.1580098,2.4920578003,2.1965332031,5.9104919434
BATT_MODEL_RAW:,154,306.15850358,2.4907951355,2.1951065063,5.913772583
BATT_MODEL_RAW:,155,308.15890524,2.4895591736,2.1936759949,5.9176635742
BATT_MODEL_RAW:,156,310.15953258,2.4883728027,2.1923599243,5.9202575684
BATT_MODEL_RAW:,157,312.15996552,2.4872169495,2.191116333,5.9220123291
BATT_MODEL_RAW:,158,314.16051382,2.486038208,2.1897697449,5.9253692627
BATT_MODEL_RAW:,159,316.16116422,2.4847679138,2.1884078979,5.9272003174
BATT_MODEL_RAW:,160,318.16171428,2.4835624695,2.1871070862,5.929107666
BATT_MODEL_RAW:,161,320.16255684,2.4824295044,2.1858711243,5.9311676025
BATT_MODEL_RAW:,162,322.16336868,2.4812088013,2.1844711304,5.934753418
BATT_MODEL_RAW:,163,324.16407866,2.4800949097,2.1833152771,5.9355926514
BATT_MODEL_RAW:,164,326.16466068,2.4789352417,2.1819648743,5.9394073486
BATT_MODEL_RAW:,165,328.16541692,2.4777030945,2.1806106567,5.9418487549
BATT_MODEL_RAW:,166,330.16626022,2.4765205383,2.1793518066,5.9433746338
BATT_MODEL_RAW:,167,332.16670516,2.4753723145,2.1780738831,5.9459686279
BATT_MODEL_RAW:,168,334.1676918,2.4741821289,2.1767921448,5.9477996826
BATT_MODEL_RAW:,169,336.16834286,2.4729652405,2.1754684448,5.9499359131
BATT_MODEL_RAW:,170,338.16900838,2.4718704224,2.1743278503,5.9508514404
BATT_MODEL_RAW:,171,340.16999864,2.470703125,2.1730957031,5.9521484375
BATT_MODEL_RAW:,172,342.17070692,2.4695968628,2.1719169617,5.9535980225
BATT_MODEL_RAW:,173,344.17135908,2.4684257507,2.1706619263,5.9552764893
BATT_MODEL_RAW:,174,346.17210244,2.4673118591,2.1694793701,5.9566497803
BATT_MODEL_RAW:,175,348.17276628,2.4661254883,2.1682243347,5.9580230713
BATT_MODEL_RAW:,176,350.1738529,2.4649429321,2.1669387817,5.9600830078
BATT_MODEL_RAW:,177,352.17478934,2.4638748169,2.1658287048,5.9609222412
BATT_MODEL_RAW:,178,354.17528244,2.4627456665,2.1646347046,5.9622192383
BATT_MODEL_RAW:,179,356.17635784,2.4616012573,2.163356781,5.9648895264
BATT_MODEL_RAW:,180,358.176805,2.4604454041,2.1622009277,5.9648895264
BATT_MODEL_RAW:,181,360.17735248,2.4593963623,2.1610870361,5.9661865234
BATT_MODEL_RAW:,182,362.17784214,2.458278656,2.1599273682,5.9670257568
BATT_MODEL_RAW:,183,364.17826388,2.4571380615,2.1587562561,5.9676361084
BATT_MODEL_RAW:,184,366.17893342,2.4560317993,2.1575279236,5.9700775146
BATT_MODEL_RAW:,185,368.17955512,2.4549331665,2.1563796997,5.9710693359
BATT_MODEL_RAW:,186,370.18025382,2.4537696838,2.1551399231,5.9725952148
BATT_MODEL_RAW:,187,372.18122278,2.4527359009,2.1540527344,5.9736633301
BATT_MODEL_RAW:,188,374.18150576,2.4516563416,2.1529045105,5.9750366211
BATT_MODEL_RAW:,189,376.18265138,2.4505462646,2.1517486572,5.9759521484
BATT_MODEL_RAW:,190,378.18341762,2.4494400024,2.1505699158,5.9774017334
BATT_MODEL_RAW:,191,380.18400626,2.4483985901,2.1494178772,5.9796142578
BATT_MODEL_RAW:,192,382.18468778,2.4472923279,2.1482810974,5.9802246094
BATT_MODEL_RAW:,193,384.18536668,2.4462203979,2.1471633911,5.9811401367
BATT_MODEL_RAW:,194,386.18607436,2.4451255798,2.1460075378,5.9823608398
BATT_MODEL_RAW:,195,388.1867382,2.4440345764,2.1448516846,5.9836578369
BATT_MODEL_RAW:,196,390.1875307,2.4429588318,2.1437263489,5.9846496582
BATT_MODEL_RAW:,197,392.1884336,2.4418830872,2.1426391602,5.98487854
BATT_MODEL_RAW:,198,394.1892993,2.4408340454,2.141544342,5.9857940674
BATT_MODEL_RAW:,199,396.19002256,2.439781189,2.1404418945,5.9867858887
BATT_MODEL_RAW:,200,398.19061268,2.4387550354,2.1394081116,5.9869384766
BATT_MODEL_RAW:,201,400.19122524,2.4377212524,2.1383094788,5.9882354736
BATT_MODEL_RAW:,202,402.19200106,2.4366416931,2.1372184753,5.9884643555
BATT_MODEL_RAW:,203,404.19303484,2.4355506897,2.1361274719,5.9884643555
BATT_MODEL_RAW:,204,406.1935468,2.4344596863,2.1349601746,5.9899902344
BATT_MODEL_RAW:,205,408.19402082,2.4334335327,2.1339111328,5.990447998
BATT_MODEL_RAW:,206,410.19509002,2.4323768616,2.1328392029,5.9907531738
BATT_MODEL_RAW:,207,412.19623158,2.4314689636,2.1318016052,5.993347168
BATT_MODEL_RAW:,208,414.19728642,2.4303359985,2.1307220459,5.9922790527
BATT_MODEL_RAW:,209,416.19843982,2.4292907715,2.1296463013,5.9928894043
BATT_MODEL_RAW:,210,418.19953782,2.4282531738,2.1286010742,5.9930419922
BATT_MODEL_RAW:,211,420.20033932,2.4272499084,2.1275558472,5.9938812256
BATT_MODEL_RAW:,212,422.2011331,2.4262199402,2.1264648438,5.9951019287
BATT_MODEL_RAW:,213,424.20225322,2.4251937866,2.1254081726,5.9957122803
BATT_MODEL_RAW:,214,426.20339814,2.4241790771,2.1243743896,5.99609375
BATT_MODEL_RAW:,215,428.20408614,2.4232368469,2.1233558655,5.9976196289
BATT_MODEL_RAW:,216,430.20524674,2.4222068787,2.122303009,5.9980773926
BATT_MODEL_RAW:,217,432.20619894,2.421207428,2.1212615967,5.998916626
BATT_MODEL_RAW:,218,434.20674538,2.4202346802,2.1202507019,5.9996795654
BATT_MODEL_RAW:,219,436.20746978,2.4191741943,2.1190681458,6.0021209717
BATT_MODEL_RAW:,220,438.20816794,2.4180984497,2.1180267334,6.0014343262
BATT_MODEL_RAW:,221,440.20924504,2.4171028137,2.116973877,6.0025787354
BATT_MODEL_RAW:,222,442.2101799,2.4161338806,2.1159706116,6.0032653809
BATT_MODEL_RAW:,223,444.21127944,2.415145874,2.1149291992,6.0043334961
BATT_MODEL_RAW:,224,446.21240996,2.414188385,2.1139221191,6.0053253174
BATT_MODEL_RAW:,225,448.21335728,2.413192749,2.1128730774,6.0063934326
BATT_MODEL_RAW:,226,450.21443038,2.4122276306,2.1118736267,6.0070800781
BATT_MODEL_RAW:,227,452.21546146,2.4112472534,2.1108703613,6.0075378418
BATT_MODEL_RAW:,228,454.21633782,2.4102859497,2.1098594666,6.0085296631
BATT_MODEL_RAW:,229,456.2172838,2.4092903137,2.1087875366,6.010055542
BATT_MODEL_RAW:,230,458.21839632,2.4083518982,2.1077270508,6.0124969482
BATT_MODEL_RAW:,231,460.21954698,2.4073295593,2.1066970825,6.0126495361
BATT_MODEL_RAW:,232,462.21969678,2.4063644409,2.10572052,6.012878418
BATT_MODEL_RAW:,233,464.22069852,2.4054069519,2.1047172546,6.0137939453
BATT_MODEL_RAW:,234,466.2211645,2.4044456482,2.1037445068,6.0140228271
BATT_MODEL_RAW:,235,468.22213572,2.403503418,2.1027755737,6.0145568848
BATT_MODEL_RAW:,236,470.22311088,2.4026412964,2.1018600464,6.015625
BATT_MODEL_RAW:,237,472.22364632,2.4017105103,2.100933075,6.0155487061
BATT_MODEL_RAW:,238,474.22385186,2.4007911682,2.0999717712,6.0163879395
BATT_MODEL_RAW:,239,476.22496654,2.3998756409,2.0990028381,6.0174560547
BATT_MODEL_RAW:,240,478.22544852,2.3989677429,2.0980644226,6.0180664063
BATT_MODEL_RAW:,241,480.22631046,2.3980484009,2.0971107483,6.0187530518
BATT_MODEL_RAW:,242,482.22700168,2.3971176147,2.0961341858,6.0196685791
BATT_MODEL_RAW:,243,484.22778396,2.3962173462,2.0952148438,6.0200500488
BATT_MODEL_RAW:,244,486.22874714,2.3952827454,2.0942001343,6.0216522217
BATT_MODEL_RAW:,245,488.22941116,2.394367218,2.0932235718,6.0228729248
BATT_MODEL_RAW:,246,490.23021646,2.3935089111,2.0922927856,6.0243225098
BATT_MODEL_RAW:,247,492.23115748,2.3926239014,2.0914039612,6.0243988037
BATT_MODEL_RAW:,248,494.23214302,2.3917350769,2.090473175,6.0252380371
BATT_MODEL_RAW:,249,496.2332103,2.390750885,2.0894050598,6.0269165039
BATT_MODEL_RAW:,250,498.23440016,2.3899345398,2.0885353088,6.0279846191
BATT_MODEL_RAW:,251,500.23532968,2.3889122009,2.0874862671,6.0285186768
BATT_MODEL_RAW:,252,502.2363693,2.3880500793,2.086566925,6.0296630859
BATT_MODEL_RAW:,253,504.23661646,2.3871688843,2.0856208801,6.030960083
BATT_MODEL_RAW:,254,506.23776954,2.3862609863,2.084651947,6.0321807861
BATT_MODEL_RAW:,255,508.23811194,2.3853683472,2.083694458,6.0334777832
BATT_MODEL_RAW:,256,510.23835288,2.3844795227,2.0827102661,6.0353851318
BATT_MODEL_RAW:,257,512.23949888,2.3836135864,2.0818138123,6.0359954834
BATT_MODEL_RAW:,258,514.23974462,2.3827590942,2.0808296204,6.0385894775
BATT_MODEL_RAW:,259,516.24051248,2.3819999695,2.080039978,6.0391998291
BATT_MODEL_RAW:,260,518.24100724,2.3809967041,2.0789146423,6.0416412354
BATT_MODEL_RAW:,261,520.24211278,2.3801841736,2.0780220032,6.0432434082
BATT_MODEL_RAW:,262,522.24308454,2.3793182373,2.0770988464,6.0443878174
BATT_MODEL_RAW:,263,524.24408554,2.3784484863,2.0761489868,6.0459899902
BATT_MODEL_RAW:,264,526.2450372,2.3776321411,2.0752601624,6.0474395752
BATT_MODEL_RAW:,265,528.24566166,2.3767433167,2.0742530823,6.0498046875
BATT_MODEL_RAW:,266,530.2468096,2.3760490417,2.0735473633,6.0500335693
BATT_MODEL_RAW:,267,532.24738192,2.3750839233,2.0725021362,6.0516357422
BATT_MODEL_RAW:,268,534.24819124,2.3744125366,2.0718460083,6.0513305664
BATT_MODEL_RAW:,269,536.2486563,2.3734550476,2.0708084106,6.0529327393
BATT_MODEL_RAW:,270,538.24908358,2.3725738525,2.0698623657,6.0542297363
BATT_MODEL_RAW:,271,540.24946994,2.3717384338,2.068977356,6.0552215576
BATT_MODEL_RAW:,272,542.25027014,2.3709182739,2.0681037903,6.0562896729
BATT_MODEL_RAW:,273,544.2514003,2.3701934814,2.0673370361,6.0571289063
BATT_MODEL_RAW:,274,546.25256808,2.36926651,2.0663452148,6.0584259033
BATT_MODEL_RAW:,275,548.25346148,2.3685646057,2.065662384,6.0580444336
BATT_MODEL_RAW:,276,550.25410022,2.3677749634,2.0647468567,6.0605621338
BATT_MODEL_RAW:,277,552.25484754,2.3667907715,2.0637969971,6.0598754883
BATT_MODEL_RAW:,278,554.25549262,2.3659248352,2.0628471375,6.0615539551
BATT_MODEL_RAW:,279,556.25644614,2.3651161194,2.0620346069,6.061630249
BATT_MODEL_RAW:,280,558.25730416,2.3642997742,2.0612030029,6.0619354248
BATT_MODEL_RAW:,281,560.2578457,2.3635444641,2.0603485107,6.0639190674
BATT_MODEL_RAW:,282,562.25820576,2.3626823425,2.0594406128,6.0648345947
BATT_MODEL_RAW:,283,564.25868464,2.3618545532,2.0585441589,6.0662078857
BATT_MODEL_RAW:,284,566.25894546,2.3610038757,2.0576629639,6.0668182373
BATT_MODEL_RAW:,285,568.25924178,2.3602256775,2.0568695068,6.0671234131
BATT_MODEL_RAW:,286,570.2597832,2.3594474792,2.0560684204,6.0675811768
BATT_MODEL_RAW:,287,572.25998242,2.3586807251,2.0552520752,6.068572998
BATT_MODEL_RAW:,288,574.26068542,2.3578681946,2.0543899536,6.0695648193
BATT_MODEL_RAW:,289,576.2610901,2.3570823669,2.0535812378,6.070022583
BATT_MODEL_RAW:,290,578.26172614,2.3562660217,2.0527153015,6.0710144043
BATT_MODEL_RAW:,291,580.26275536,2.3554992676,2.0518913269,6.0721588135
BATT_MODEL_RAW:,292,582.26345526,2.3547363281,2.0510826111,6.0730743408
BATT_MODEL_RAW:,293,584.26412408,2.3539428711,2.0502738953,6.0733795166
BATT_MODEL_RAW:,294,586.26473942,2.3531684875,2.0494918823,6.0735321045
BATT_MODEL_RAW:,295,588.2650838,2.3524017334,2.0486831665,6.0743713379
BATT_MODEL_RAW:,296,590.2656857,2.3516044617,2.0478286743,6.0755157471
BATT_MODEL_RAW:,297,592.26623392,2.3509178162,2.0470314026,6.0777282715
BATT_MODEL_RAW:,298,594.26694554,2.3500518799,2.0461654663,6.0777282715
BATT_MODEL_RAW:,299,596.26759406,2.3493156433,2.0453910828,6.0784912109
BATT_MODEL_RAW:,300,598.26828146,2.3485641479,2.0446090698,6.0791015625
BATT_MODEL_RAW:,301,600.2689314,2.347869873,2.0439071655,6.0792541504
BATT_MODEL_RAW:,302,602.26964712,2.347114563,2.0431098938,6.0800933838
BATT_MODEL_RAW:,303,604.2703081,2.3463592529,2.0423164368,6.0808563232
BATT_MODEL_RAW:,304,606.2707655,2.3455848694,2.0415000916,6.0816955566
BATT_MODEL_RAW:,305,608.27117254,2.3448638916,2.0407409668,6.0824584961
BATT_MODEL_RAW:,306,610.2717191,2.3441123962,2.0399093628,6.0840606689
BATT_MODEL_RAW:,307,612.2722168,2.3433685303,2.0390930176,6.0855102539
BATT_MODEL_RAW:,308,614.2726928,2.3425674438,2.0381546021,6.0882568359
BATT_MODEL_RAW:,309,616.2735921,2.3418045044,2.0372886658,6.0903167725
BATT_MODEL_RAW:,310,618.2743331,2.3410301208,2.0364379883,6.0918426514
BATT_MODEL_RAW:,311,620.27485788,2.3402519226,2.0355529785,6.0939788818
BATT_MODEL_RAW:,312,622.2754611,2.3393936157,2.0347366333,6.0931396484
BATT_MODEL_RAW:,313,624.27596624,2.3387680054,2.0341567993,6.0922241211
BATT_MODEL_RAW:,314,626.27653748,2.3379516602,2.0332374573,6.0942840576
BATT_MODEL_RAW:,315,628.2773037,2.3371963501,2.0323982239,6.0959625244
BATT_MODEL_RAW:,316,630.27752534,2.3364677429,2.0315475464,6.0984039307
BATT_MODEL_RAW:,317,632.27826536,2.3357276917,2.0307579041,6.099395752
BATT_MODEL_RAW:,318,634.2793615,2.3350791931,2.0300559998,6.1004638672
BATT_MODEL_RAW:,319,636.28037128,2.3342971802,2.0292205811,6.1015319824
BATT_MODEL_RAW:,320,638.28092776,2.3335494995,2.0284156799,6.1026763916
BATT_MODEL_RAW:,321,640.28142152,2.3328666687,2.0276947021,6.1034393311
BATT_MODEL_RAW:,322,642.2819799,2.3321075439,2.0268592834,6.10496521
BATT_MODEL_RAW:,323,644.2826548,2.3313903809,2.0260353088,6.1071014404
BATT_MODEL_RAW:,324,646.28322604,2.3307037354,2.0252990723,6.1080932617
BATT_MODEL_RAW:,325,648.28382836,2.330039978,2.0246086121,6.1086273193
BATT_MODEL_RAW:,326,650.28451066,2.3293304443,2.0238227844,6.1101531982
BATT_MODEL_RAW:,327,652.284916,2.3286132813,2.0230445862,6.1113739014
BATT_MODEL_RAW:,328,654.28567666,2.3279266357,2.0222816467,6.1128997803
BATT_MODEL_RAW:,329,656.28630194,2.3271903992,2.0214920044,6.1139678955
BATT_MODEL_RAW:,330,658.28690392,2.3264961243,2.020740509,6.1151123047
BATT_MODEL_RAW:,331,660.28770006,2.3257789612,2.0199623108,6.1163330078
BATT_MODEL_RAW:,332,662.28811498,2.325088501,2.0192070007,6.1176300049
BATT_MODEL_RAW:,333,664.28865138,2.3243751526,2.0184593201,6.1183166504
BATT_MODEL_RAW:,334,666.28913282,2.3236999512,2.0177154541,6.1196899414
BATT_MODEL_RAW:,335,668.28973816,2.3230056763,2.0169830322,6.1204528809
BATT_MODEL_RAW:,336,670.29028842,2.322303772,2.0162239075,6.12159729
BATT_MODEL_RAW:,337,672.29096084,2.3216590881,2.0154953003,6.1232757568
BATT_MODEL_RAW:,338,674.29175284,2.3209266663,2.0147628784,6.1232757568
BATT_MODEL_RAW:,339,676.29221118,2.3202056885,2.0140037537,6.1240386963
BATT_MODEL_RAW:,340,678.29286528,2.3195266724,2.0132713318,6.1251068115
BATT_MODEL_RAW:,341,680.29367418,2.3188362122,2.0125656128,6.1254119873
BATT_MODEL_RAW:,342,682.2944165,2.3181228638,2.0118331909,6.125793457
BATT_MODEL_RAW:,343,684.29520702,2.3174629211,2.0111236572,6.1267852783
BATT_MODEL_RAW:,344,686.29587578,2.3167228699,2.0104179382,6.1260986328
BATT_MODEL_RAW:,345,688.2961119,2.3160209656,2.0097160339,6.1260986328
BATT_MODEL_RAW:,346,690.2963847,2.315322876,2.0089950562,6.1265563965
BATT_MODEL_RAW:,347,692.29700416,2.3146476746,2.00831604,6.1266326904
BATT_MODEL_RAW:,348,694.29768274,2.313999176,2.0076637268,6.1267089844
BATT_MODEL_RAW:,349,696.29854118,2.3133010864,2.0069503784,6.1270141602
BATT_MODEL_RAW:,350,698.29930344,2.3126449585,2.0062866211,6.127166748
BATT_MODEL_RAW:,351,700.29994734,2.3119659424,2.0055999756,6.1273193359
BATT_MODEL_RAW:,352,702.300929,2.311290741,2.0048866272,6.1280822754
BATT_MODEL_RAW:,353,704.30147326,2.3106880188,2.0043678284,6.1264038086
BATT_MODEL_RAW:,354,706.30218224,2.3100967407,2.0038070679,6.125793457
BATT_MODEL_RAW:,355,708.3024322,2.3094177246,2.0030937195,6.1264801025
BATT_MODEL_RAW:,356,710.3029589,2.3087730408,2.0023574829,6.1283111572
BATT_MODEL_RAW:,357,712.30327518,2.3081970215,2.0017204285,6.1295318604
BATT_MODEL_RAW:,358,714.30357346,2.3075828552,2.0009765625,6.1321258545
BATT_MODEL_RAW:,359,716.30400892,2.3068275452,2.0002670288,6.1312103271
BATT_MODEL_RAW:,360,718.30453358,2.3062324524,1.9996070862,6.1325073242
BATT_MODEL_RAW:,361,720.30483614,2.3057823181,1.9994316101,6.1270141602
BATT_MODEL_RAW:,362,722.3056988,2.3053131104,1.9991188049,6.1238861084
BATT_MODEL_RAW:,363,724.3062537,2.3046951294,1.9984970093,6.1239624023
BATT_MODEL_RAW:,364,726.30663134,2.3040657043,1.9978485107,6.1243438721
BATT_MODEL_RAW:,365,728.30745244,2.303440094,1.9972000122,6.1248016357
BATT_MODEL_RAW:,366,730.30763012,2.3027763367,1.9965324402,6.1248779297
BATT_MODEL_RAW:,367,732.3083012,2.3021469116,1.995891571,6.1251068115
BATT_MODEL_RAW:,368,734.3087265,2.3015022278,1.995262146,6.1248016357
BATT_MODEL_RAW:,369,736.30927014,2.3008804321,1.994644165,6.1247253418
BATT_MODEL_RAW:,370,738.31003606,2.3002510071,1.9940452576,6.1241149902
BATT_MODEL_RAW:,371,740.3104829,2.2996482849,1.9934463501,6.1240386963
BATT_MODEL_RAW:,372,742.31078582,2.2990112305,1.992805481,6.1241149902
BATT_MODEL_RAW:,373,744.31109658,2.2983894348,1.9921913147,6.1239624023
BATT_MODEL_RAW:,374,746.31145178,2.2977828979,1.9915962219,6.1237335205
BATT_MODEL_RAW:,375,748.31194338,2.2971611023,1.9909667969,6.1238861084
BATT_MODEL_RAW:,376,750.31259968,2.2965316772,1.9903793335,6.123046875
BATT_MODEL_RAW:,377,752.31306444,2.2959480286,1.9898033142,6.1228942871
BATT_MODEL_RAW:,378,754.31329302,2.2953491211,1.9892807007,6.1213684082
BATT_MODEL_RAW:,379,756.31398908,2.2947311401,1.9886779785,6.1210632324
BATT_MODEL_RAW:,380,758.3145593,2.2941055298,1.9880599976,6.1209106445
BATT_MODEL_RAW:,381,760.31500014,2.2934875488,1.9874305725,6.1211395264
BATT_MODEL_RAW:,382,762.31542314,2.292881012,1.9868011475,6.12159729
BATT_MODEL_RAW:,383,764.3159555,2.2922782898,1.9861946106,6.121673584
BATT_MODEL_RAW:,384,766.31691332,2.2916717529,1.9855766296,6.1219024658
BATT_MODEL_RAW:,385,768.317706,2.2910461426,1.985004425,6.1208343506
BATT_MODEL_RAW:,386,770.31803928,2.290473938,1.9844322205,6.1208343506
BATT_MODEL_RAW:,387,772.31915556,2.2898597717,1.9838294983,6.1206054688
BATT_MODEL_RAW:,388,774.32010456,2.2892532349,1.9832191467,6.1206817627
BATT_MODEL_RAW:,389,776.32037138,2.288646698,1.9826393127,6.1201477051
BATT_MODEL_RAW:,390,778.32137122,2.2880134583,1.982006073,6.1201477051
BATT_MODEL_RAW:,391,780.32189382,2.2874221802,1.9813919067,6.1206054688
BATT_MODEL_RAW:,392,782.32254686,2.2868156433,1.9807777405,6.1207580566
BATT_MODEL_RAW:,393,784.32323686,2.2862472534,1.9801979065,6.1209869385
BATT_MODEL_RAW:,394,786.32376354,2.2856521606,1.9795951843,6.1211395264
BATT_MODEL_RAW:,395,788.32433294,2.285030365,1.9789772034,6.1210632324
BATT_MODEL_RAW:,396,790.324725,2.2844924927,1.9784126282,6.12159729
BATT_MODEL_RAW:,397,792.32519132,2.283870697,1.9777908325,6.12159729
BATT_MODEL_RAW:,398,794.32557772,2.2832679749,1.9771957397,6.1214447021
BATT_MODEL_RAW:,399,796.32607772,2.2826766968,1.9765892029,6.1217498779
BATT_MODEL_RAW:,400,798.32705388,2.2821388245,1.976108551,6.1206054688
BATT_MODEL_RAW:,401,800.32793272,2.2815284729,1.9755020142,6.1205291748
BATT_MODEL_RAW:,402,802.3280803,2.2809257507,1.9748764038,6.1209869385
BATT_MODEL_RAW:,403,804.32858294,2.280380249,1.9742698669,6.1222076416
BATT_MODEL_RAW:,404,806.32935012,2.2797164917,1.9736366272,6.12159729
BATT_MODEL_RAW:,405,808.32984406,2.2791252136,1.9730224609,6.1220550537
BATT_MODEL_RAW:,406,810.3303046,2.2785339355,1.9724311829,6.1220550537
BATT_MODEL_RAW:,407,812.3306371,2.2779579163,1.9717941284,6.1232757568
BATT_MODEL_RAW:,408,814.330933,2.2774276733,1.9712257385,6.1240386963
BATT_MODEL_RAW:,409,816.33147382,2.2768936157,1.9706611633,6.1246490479
BATT_MODEL_RAW:,410,818.33200184,2.2763977051,1.9700889587,6.1261749268
BATT_MODEL_RAW:,411,820.33244132,2.2758712769,1.9695205688,6.1270141602
BATT_MODEL_RAW:,412,822.3333258,2.2752838135,1.9689064026,6.1275482178
BATT_MODEL_RAW:,413,824.33431006,2.2747612,1.9684486389,6.1262512207
BATT_MODEL_RAW:,414,826.33513344,2.2744941711,1.9684715271,6.1204528809
BATT_MODEL_RAW:,415,828.33577956,2.2740821838,1.9681510925,6.1186218262
BATT_MODEL_RAW:,416,830.3362468,2.2735290527,1.9676055908,6.1184692383
BATT_MODEL_RAW:,417,832.33662912,2.2729988098,1.9670524597,6.118927002
BATT_MODEL_RAW:,418,834.33739822,2.2725028992,1.9664916992,6.120223999
BATT_MODEL_RAW:,419,836.33795762,2.2718544006,1.9658355713,6.1203765869
BATT_MODEL_RAW:,420,838.33866212,2.2712059021,1.9651603699,6.1209106445
BATT_MODEL_RAW:,421,840.3391955,2.2706069946,1.9645195007,6.1217498779
BATT_MODEL_RAW:,422,842.3397838,2.27003479,1.9639015198,6.1226654053
BATT_MODEL_RAW:,423,844.34012322,2.2694740295,1.9632987976,6.1235046387
BATT_MODEL_RAW:,424,846.34092186,2.2689285278,1.962688446,6.1248016357
BATT_MODEL_RAW:,425,848.34172378,2.2682952881,1.9620285034,6.1253356934
BATT_MODEL_RAW:,426,850.34288074,2.2677116394,1.9613800049,6.1266326904
BATT_MODEL_RAW:,427,852.34375588,2.267162323,1.960773468,6.1277770996
BATT_MODEL_RAW:,428,854.34429352,2.2666130066,1.9601478577,6.1293029785
BATT_MODEL_RAW:,429,856.3449337,2.2660140991,1.9594535828,6.1312103271
BATT_MODEL_RAW:,430,858.34557888,2.2654457092,1.9587364197,6.134185791
BATT_MODEL_RAW:,431,860.34628746,2.2648620605,1.9580459595,6.1363220215
BATT_MODEL_RAW:,432,862.3467794,2.2642822266,1.9573364258,6.1389160156
BATT_MODEL_RAW:,433,864.34723142,2.2637367249,1.9566497803,6.1417388916
BATT_MODEL_RAW:,434,866.34767774,2.2631187439,1.9559669495,6.1430358887
BATT_MODEL_RAW:,435,868.34826308,2.2625846863,1.9553146362,6.145401001
BATT_MODEL_RAW:,436,870.34884614,2.2619895935,1.9546318054,6.1471557617
BATT_MODEL_RAW:,437,872.34934422,2.2614173889,1.9539489746,6.1493682861
BATT_MODEL_RAW:,438,874.34984332,2.2608261108,1.9532546997,6.1514282227
BATT_MODEL_RAW:,439,876.35059622,2.2603111267,1.9526596069,6.1530303955
BATT_MODEL_RAW:,440,878.35113672,2.2597923279,1.9520645142,6.1545562744
BATT_MODEL_RAW:,441,880.35208114,2.2592773438,1.9514350891,6.1568450928
BATT_MODEL_RAW:,442,882.35273228,2.2587051392,1.9507713318,6.1586761475
BATT_MODEL_RAW:,443,884.3534167,2.2581977844,1.9501342773,6.1612701416
BATT_MODEL_RAW:,444,886.35419108,2.2575912476,1.94947052,6.1624145508
BATT_MODEL_RAW:,445,888.35459478,2.2570381165,1.9488182068,6.1643981934
BATT_MODEL_RAW:,446,890.35528114,2.2564544678,1.9481277466,6.1665344238
BATT_MODEL_RAW:,447,892.35609104,2.2559280396,1.947479248,6.1689758301
BATT_MODEL_RAW:,448,894.35645158,2.2554740906,1.9470176697,6.169128418
BATT_MODEL_RAW:,449,896.35685846,2.2549476624,1.9463577271,6.1717987061
BATT_MODEL_RAW:,450,898.35762332,2.2543983459,1.9456443787,6.1750793457
BATT_MODEL_RAW:,451,900.35804196,2.2538146973,1.9449043274,6.1782073975
BATT_MODEL_RAW:,452,902.35855804,2.2531814575,1.9441413879,6.1808013916
BATT_MODEL_RAW:,453,904.35919826,2.2525978088,1.9434204102,6.1835479736
BATT_MODEL_RAW:,454,906.35959214,2.2520446777,1.9427528381,6.185836792
BATT_MODEL_RAW:,455,908.36012696,2.2515487671,1.942150116,6.1879730225
BATT_MODEL_RAW:,456,910.36063946,2.2509918213,1.9414405823,6.1910247803
BATT_MODEL_RAW:,457,912.36111008,2.2503852844,1.9406852722,6.1940002441
BATT_MODEL_RAW:,458,914.36152258,2.2498130798,1.9399986267,6.1962890625
BATT_MODEL_RAW:,459,916.36235566,2.2492446899,1.9392929077,6.1990356445
BATT_MODEL_RAW:,460,918.36287646,2.2486839294,1.938621521,6.2012481689
BATT_MODEL_RAW:,461,920.3632564,2.248134613,1.9379577637,6.2035369873
BATT_MODEL_RAW:,462,922.36391178,2.2476196289,1.9373474121,6.2054443359
BATT_MODEL_RAW:,463,924.36443844,2.2470397949,1.9366416931,6.2079620361
BATT_MODEL_RAW:,464,926.36502982,2.2464599609,1.9359054565,6.2110900879
BATT_MODEL_RAW:,465,928.36586502,2.245929718,1.9352149963,6.2142944336
BATT_MODEL_RAW:,466,930.36691802,2.2453956604,1.9345970154,6.2159729004
BATT_MODEL_RAW:,467,932.36802148,2.2448616028,1.933971405,6.2178039551
BATT_MODEL_RAW:,468,934.3686198,2.2443580627,1.9333457947,6.2202453613
BATT_MODEL_RAW:,469,936.36965588,2.2438354492,1.9327545166,6.2216186523
BATT_MODEL_RAW:,470,938.37017192,2.2434425354,1.9323272705,6.2223052979
BATT_MODEL_RAW:,471,940.37116838,2.2429389954,1.9317321777,6.2241363525
BATT_MODEL_RAW:,472,942.37197788,2.2423820496,1.9310760498,6.2261199951
BATT_MODEL_RAW:,473,944.37313186,2.2419166565,1.9305381775,6.2275695801
BATT_MODEL_RAW:,474,946.37365024,2.2413673401,1.9299278259,6.2287902832
BATT_MODEL_RAW:,475,948.37411576,2.2408905029,1.9293670654,6.23046875
BATT_MODEL_RAW:,476,950.37464244,2.2403068542,1.9286804199,6.2325286865
BATT_MODEL_RAW:,477,952.37575142,2.2397613525,1.9280395508,6.2344360352
BATT_MODEL_RAW:,478,954.3760885,2.2392616272,1.9274291992,6.2366485596
BATT_MODEL_RAW:,479,956.37723792,2.2387695313,1.9268112183,6.2391662598
BATT_MODEL_RAW:,480,958.37837882,2.2382125854,1.9262008667,6.240234375
BATT_MODEL_RAW:,481,960.3793504,2.2376594543,1.9255714417,6.2417602539
BATT_MODEL_RAW:,482,962.38036428,2.2371406555,1.9249153137,6.2445068359
BATT_MODEL_RAW:,483,964.38051842,2.2366294861,1.9242668152,6.247253418
BATT_MODEL_RAW:,484,966.38125576,2.2360954285,1.923576355,6.2503814697
BATT_MODEL_RAW:,485,968.38185962,2.2356796265,1.9230728149,6.2521362305
BATT_MODEL_RAW:,486,970.38243188,2.2352409363,1.9225463867,6.2538909912
BATT_MODEL_RAW:,487,972.3831691,2.2347335815,1.921913147,6.2564086914
BATT_MODEL_RAW:,488,974.3841762,2.2342720032,1.9213447571,6.2585449219
BATT_MODEL_RAW:,489,976.38519408,2.2337722778,1.9207572937,6.2602996826
BATT_MODEL_RAW:,490,978.38627046,2.2333297729,1.9201393127,6.2638092041
BATT_MODEL_RAW:,491,980.38693294,2.2328605652,1.91954422,6.2663269043
BATT_MODEL_RAW:,492,982.38800256,2.2323265076,1.9189147949,6.2682342529
BATT_MODEL_RAW:,493,984.38889674,2.2318687439,1.9183158875,6.2710571289
BATT_MODEL_RAW:,494,986.38973908,2.2312965393,1.9176902771,6.2721252441
BATT_MODEL_RAW:,495,988.39050904,2.2307929993,1.917049408,6.2748718262
BATT_MODEL_RAW:,496,990.39119784,2.230266571,1.9164199829,6.2769317627
BATT_MODEL_RAW:,497,992.39193972,2.2297439575,1.9157905579,6.2790679932
BATT_MODEL_RAW:,498,994.3924753,2.2292556763,1.9151725769,6.2816619873
BATT_MODEL_RAW:,499,996.39306446,2.228767395,1.9145889282,6.2835693359
BATT_MODEL_RAW:,500,998.39344246,2.228263855,1.9139938354,6.2854003906
BATT_MODEL_RAW:,501,1000.3936375,2.2277908325,1.9134178162,6.2874603271
BATT_MODEL_RAW:,502,1002.3942345,2.227268219,1.9127883911,6.2895965576
BATT_MODEL_RAW:,503,1004.39452,2.2267951965,1.9121894836,6.2921142578
BATT_MODEL_RAW:,504,1006.3951524,2.2263183594,1.9116020203,6.2943267822
BATT_MODEL_RAW:,505,1008.3954155,2.2257423401,1.9109077454,6.2966918945
BATT_MODEL_RAW:,506,1010.3960317,2.2252120972,1.9102897644,6.2984466553
BATT_MODEL_RAW:,507,1012.3967483,2.2246894836,1.9096488953,6.3008117676
BATT_MODEL_RAW:,508,1014.3973059,2.2242088318,1.9090652466,6.3028717041
BATT_MODEL_RAW:,509,1016.398175,2.2236976624,1.9084434509,6.3050842285
BATT_MODEL_RAW:,510,1018.3986357,2.223197937,1.9078407288,6.307144165
BATT_MODEL_RAW:,511,1020.3991742,2.2226791382,1.9072303772,6.3089752197
BATT_MODEL_RAW:,512,1022.3996895,2.2221832275,1.9066162109,6.311340332
BATT_MODEL_RAW:,513,1024.4006451,2.2216796875,1.9059944153,6.3137054443
BATT_MODEL_RAW:,514,1026.4011513,2.2211799622,1.9054298401,6.3150024414
BATT_MODEL_RAW:,515,1028.4021846,2.2207298279,1.9048080444,6.3184356689
BATT_MODEL_RAW:,516,1030.4031549,2.2202072144,1.9041862488,6.3204193115
BATT_MODEL_RAW:,517,1032.4043351,2.2196998596,1.9035186768,6.3236236572
BATT_MODEL_RAW:,518,1034.4051329,2.2192115784,1.9028892517,6.3264465332
BATT_MODEL_RAW:,519,1036.4057457,2.2187309265,1.9022407532,6.3298034668
BATT_MODEL_RAW:,520,1038.4061327,2.218208313,1.9015350342,6.3334655762
BATT_MODEL_RAW:,521,1040.4069844,2.2177848816,1.9009666443,6.3363647461
BATT_MODEL_RAW:,522,1042.4076283,2.2173271179,1.9003677368,6.3391876221
BATT_MODEL_RAW:,523,1044.4081866,2.2168235779,1.8997383118,6.3417053223
BATT_MODEL_RAW:,524,1046.4090275,2.2163124084,1.8990974426,6.3442993164
BATT_MODEL_RAW:,525,1048.4098266,2.2158660889,1.8984870911,6.3475799561
BATT_MODEL_RAW:,526,1050.4107129,2.2154121399,1.8978805542,6.3506317139
BATT_MODEL_RAW:,527,1052.4108942,2.2149162292,1.897228241,6.3537597656
BATT_MODEL_RAW:,528,1054.4114317,2.2144393921,1.8965950012,6.3568878174
BATT_MODEL_RAW:,529,1056.4119004,2.2139930725,1.8959884644,6.3600921631
BATT_MODEL_RAW:,530,1058.4121916,2.2135276794,1.8953781128,6.362991333
BATT_MODEL_RAW:,531,1060.4129469,2.2130584717,1.89478302,6.3655090332
BATT_MODEL_RAW:,532,1062.4134406,2.2126350403,1.8941307068,6.3700866699
BATT_MODEL_RAW:,533,1064.4142209,2.2120628357,1.893447876,6.3722991943
BATT_MODEL_RAW:,534,1066.4150707,2.2115440369,1.8927726746,6.3754272461
BATT_MODEL_RAW:,535,1068.4159633,2.2110519409,1.8920860291,6.3793182373
BATT_MODEL_RAW:,536,1070.4166674,2.2105979919,1.8914489746,6.3829803467
BATT_MODEL_RAW:,537,1072.4174915,2.2100791931,1.8906898499,6.3877868652
BATT_MODEL_RAW:,538,1074.4182799,2.2095375061,1.8899917603,6.390914917
BATT_MODEL_RAW:,539,1076.4187224,2.2090873718,1.8893966675,6.3938140869
BATT_MODEL_RAW:,540,1078.4193899,2.2086257935,1.8886909485,6.3986968994
BATT_MODEL_RAW:,541,1080.4200828,2.2081375122,1.8880729675,6.4012908936
BATT_MODEL_RAW:,542,1082.4205084,2.2076530457,1.8874511719,6.4040374756
BATT_MODEL_RAW:,543,1084.4210168,2.2072181702,1.8869094849,6.4061737061
BATT_MODEL_RAW:,544,1086.4216644,2.2067108154,1.8862991333,6.4082336426
BATT_MODEL_RAW:,545,1088.4222723,2.2062492371,1.885684967,6.4112854004
BATT_MODEL_RAW:,546,1090.4228192,2.2057991028,1.8850975037,6.4140319824
BATT_MODEL_RAW:,547,1092.4235516,2.2053031921,1.8844909668,6.4162445068
BATT_MODEL_RAW:,548,1094.4242114,2.2048950195,1.8839187622,6.4195251465
BATT_MODEL_RAW:,549,1096.4245149,2.2044372559,1.8832931519,6.4228820801
BATT_MODEL_RAW:,550,1098.4249986,2.2040176392,1.8826789856,6.4267730713
BATT_MODEL_RAW:,551,1100.4253243,2.2036323547,1.8821411133,6.4298248291
BATT_MODEL_RAW:,552,1102.425589,2.2032051086,1.8815383911,6.4333343506
BATT_MODEL_RAW:,553,1104.4263573,2.202835083,1.8809432983,6.4378356934
BATT_MODEL_RAW:,554,1106.426924,2.2023582458,1.8803977966,6.4392089844
BATT_MODEL_RAW:,555,1108.4276088,2.2018623352,1.8797683716,6.4418792725
BATT_MODEL_RAW:,556,1110.4284281,2.2014503479,1.8792152405,6.4447021484
BATT_MODEL_RAW:,557,1112.4287394,2.2010498047,1.8787078857,6.4468383789
BATT_MODEL_RAW:,558,1114.4289693,2.2005844116,1.8780937195,6.4498138428
BATT_MODEL_RAW:,559,1116.4292974,2.2001533508,1.8775367737,6.452331543
BATT_MODEL_RAW:,560,1118.4301938,2.1996955872,1.8769645691,6.4546203613
BATT_MODEL_RAW:,561,1120.4310893,2.1992759705,1.8764305115,6.4569091797
BATT_MODEL_RAW:,562,1122.431521,2.198841095,1.8759040833,6.4587402344
BATT_MODEL_RAW:,563,1124.4318958,2.1983528137,1.8753013611,6.4610290527
BATT_MODEL_RAW:,564,1126.4323286,2.197883606,1.8747024536,6.4636230469
BATT_MODEL_RAW:,565,1128.4329561,2.197429657,1.874080658,6.4669799805
BATT_MODEL_RAW:,566,1130.4335743,2.1970024109,1.8735122681,6.4698028564
BATT_MODEL_RAW:,567,1132.434116,2.1966590881,1.8730239868,6.4727020264
BATT_MODEL_RAW:,568,1134.4348258,2.1962203979,1.8724975586,6.4744567871
BATT_MODEL_RAW:,569,1136.4354113,2.1957893372,1.8719177246,6.477432251
BATT_MODEL_RAW:,570,1138.4360047,2.1954040527,1.8714981079,6.4781188965
BATT_MODEL_RAW:,571,1140.4366562,2.1949653625,1.8709640503,6.4800262451
BATT_MODEL_RAW:,572,1142.4371022,2.1945495605,1.8704185486,6.4826202393
BATT_MODEL_RAW:,573,1144.4378761,2.1941223145,1.8698692322,6.4850616455
BATT_MODEL_RAW:,574,1146.4386337,2.1935958862,1.8692054749,6.4878082275
BATT_MODEL_RAW:,575,1148.4397233,2.193031311,1.8685379028,6.4898681641
BATT_MODEL_RAW:,576,1150.4401009,2.1924934387,1.8678588867,6.49269104
BATT_MODEL_RAW:,577,1152.4405296,2.1920280457,1.8672599792,6.4953613281
BATT_MODEL_RAW:,578,1154.4412569,2.1915550232,1.8666610718,6.4978790283
BATT_MODEL_RAW:,579,1156.4414845,2.1910705566,1.8660736084,6.4999389648
BATT_MODEL_RAW:,580,1158.4419004,2.1906242371,1.8655052185,6.5023803711
BATT_MODEL_RAW:,581,1160.4426137,2.1901855469,1.8649253845,6.5052032471
BATT_MODEL_RAW:,582,1162.4430513,2.189704895,1.8642921448,6.5082550049
BATT_MODEL_RAW:,583,1164.4436311,2.1892623901,1.8636932373,6.5113830566
BATT_MODEL_RAW:,584,1166.4441111,2.1888160706,1.8631019592,6.5142822266
BATT_MODEL_RAW:,585,1168.4445187,2.1884269714,1.8625640869,6.5172576904
BATT_MODEL_RAW:,586,1170.4450614,2.1879272461,1.8619232178,6.5200805664
BATT_MODEL_RAW:,587,1172.445241,2.1874809265,1.8613243103,6.5231323242
BATT_MODEL_RAW:,588,1174.4458267,2.1871032715,1.8608093262,6.5258789063
BATT_MODEL_RAW:,589,1176.4464285,2.1866798401,1.8602294922,6.529006958
BATT_MODEL_RAW:,590,1178.4469127,2.1862487793,1.8596763611,6.5314483643
BATT_MODEL_RAW:,591,1180.4475319,2.1857872009,1.8590621948,6.5345001221
BATT_MODEL_RAW:,592,1182.4479578,2.185333252,1.8584671021,6.537322998
BATT_MODEL_RAW:,593,1184.4485761,2.1849365234,1.8579139709,6.5404510498
BATT_MODEL_RAW:,594,1186.4493273,2.1844558716,1.8573265076,6.5425872803
BATT_MODEL_RAW:,595,1188.4497491,2.1840858459,1.8568077087,6.5455627441
BATT_MODEL_RAW:,596,1190.4504689,2.1836166382,1.8562164307,6.5480041504
BATT_MODEL_RAW:,597,1192.4509983,2.1831665039,1.8555831909,6.5516662598
BATT_MODEL_RAW:,598,1194.4517865,2.1827049255,1.8549156189,6.5557861328
BATT_MODEL_RAW:,599,1196.4523335,2.1822967529,1.8544197083,6.5575408936
BATT_MODEL_RAW:,600,1198.4528444,2.1818618774,1.8538513184,6.5602111816
BATT_MODEL_RAW:,601,1200.4533053,2.1815299988,1.8534431458,6.5617370605
BATT_MODEL_RAW:,602,1202.4538497,2.181438446,1.8533821106,6.561126709
BATT_MODEL_RAW:,603,1204.454557,2.1809768677,1.8527679443,6.5641784668
BATT_MODEL_RAW:,604,1206.4554216,2.1806182861,1.8517189026,6.5779876709
BATT_MODEL_RAW:,605,1208.4560908,2.1802368164,1.8510017395,6.5847015381
BATT_MODEL_RAW:,606,1210.4567543,2.1797904968,1.8503074646,6.5896606445
BATT_MODEL_RAW:,607,1212.4572403,2.1793861389,1.8497009277,6.5937042236
BATT_MODEL_RAW:,608,1214.4583519,2.1789474487,1.8490943909,6.5970611572
BATT_MODEL_RAW:,609,1216.459133,2.1785545349,1.8485145569,6.6007995605
BATT_MODEL_RAW:,610,1218.459503,2.1781425476,1.8479576111,6.6036987305
BATT_MODEL_RAW:,611,1220.4604529,2.1777076721,1.8474197388,6.605758667
BATT_MODEL_RAW:,612,1222.4612005,2.1772537231,1.846824646,6.608581543
BATT_MODEL_RAW:,613,1224.4622132,2.1768608093,1.8462715149,6.6117858887
BATT_MODEL_RAW:,614,1226.4624994,2.1764030457,1.8456802368,6.6144561768
BATT_MODEL_RAW:,615,1228.4632628,2.1760025024,1.8451080322,6.6178894043
BATT_MODEL_RAW:,616,1230.4643777,2.1755485535,1.8445281982,6.6204071045
BATT_MODEL_RAW:,617,1232.464977,2.175151825,1.84400177,6.6230010986
BATT_MODEL_RAW:,618,1234.4656302,2.1747589111,1.8435287476,6.6246032715
BATT_MODEL_RAW:,619,1236.4666679,2.1743469238,1.8429527283,6.6278839111
BATT_MODEL_RAW:,620,1238.4668283,2.1739692688,1.842376709,6.6318511963
BATT_MODEL_RAW:,621,1240.4674944,2.1735496521,1.8416748047,6.6374969482
BATT_MODEL_RAW:,622,1242.4679219,2.1731147766,1.8409957886,6.6423797607
BATT_MODEL_RAW:,623,1244.4687462,2.1727867126,1.8404541016,6.6466522217
BATT_MODEL_RAW:,624,1246.4691611,2.1724128723,1.8398857117,6.6505432129
BATT_MODEL_RAW:,625,1248.4695598,2.1719665527,1.8392524719,6.6542816162
BATT_MODEL_RAW:,626,1250.4703171,2.1715240479,1.8385467529,6.6595458984
BATT_MODEL_RAW:,627,1252.4708132,2.1710662842,1.8378257751,6.6648101807
BATT_MODEL_RAW:,628,1254.471341,2.1706047058,1.8371124268,6.6698455811
BATT_MODEL_RAW:,629,1256.4719335,2.1701049805,1.8363456726,6.6751861572
BATT_MODEL_RAW:,630,1258.4725232,2.1696548462,1.8356399536,6.6802978516
BATT_MODEL_RAW:,631,1260.4730913,2.1692695618,1.8349952698,6.6854858398
BATT_MODEL_RAW:,632,1262.473774,2.1687812805,1.834236145,6.69090271
BATT_MODEL_RAW:,633,1264.4744091,2.168384552,1.8335647583,6.696395874
BATT_MODEL_RAW:,634,1266.4747388,2.1679382324,1.8328475952,6.7018127441
BATT_MODEL_RAW:,635,1268.4753526,2.1675376892,1.8321800232,6.7071533203
BATT_MODEL_RAW:,636,1270.4760043,2.1671562195,1.8314590454,6.7139434814
BATT_MODEL_RAW:,637,1272.4764408,2.1667633057,1.8307723999,6.7198181152
BATT_MODEL_RAW:,638,1274.4773206,2.1663894653,1.8301620483,6.7245483398
BATT_MODEL_RAW:,639,1276.4778513,2.1660194397,1.8294181824,6.7320251465
BATT_MODEL_RAW:,640,1278.4786549,2.1656684875,1.8287506104,6.7383575439
BATT_MODEL_RAW:,641,1280.4790638,2.1652755737,1.8280067444,6.7453765869
BATT_MODEL_RAW:,642,1282.4797837,2.1648521423,1.8272438049,6.752166748
BATT_MODEL_RAW:,643,1284.4804289,2.1644668579,1.8265380859,6.7585754395
BATT_MODEL_RAW:,644,1286.480975,2.1639900208,1.8258590698,6.7626190186
BATT_MODEL_RAW:,645,1288.4817313,2.1635398865,1.8251686096,6.7674255371
BATT_MODEL_RAW:,646,1290.4824077,2.1630897522,1.8244285583,6.773223877
BATT_MODEL_RAW:,647,1292.483306,2.1626396179,1.8237953186,6.7768859863
BATT_MODEL_RAW:,648,1294.4840118,2.1622390747,1.823223114,6.7803192139
BATT_MODEL_RAW:,649,1296.4848442,2.1618537903,1.8227081299,6.782913208
BATT_MODEL_RAW:,650,1298.4852266,2.1613960266,1.8220977783,6.7859649658
BATT_MODEL_RAW:,651,1300.4857573,2.1608886719,1.821395874,6.789855957
BATT_MODEL_RAW:,652,1302.4861845,2.1604614258,1.820728302,6.7946624756
BATT_MODEL_RAW:,653,1304.4870927,2.1599884033,1.8201065063,6.7976379395
BATT_MODEL_RAW:,654,1306.4877362,2.15965271,1.8195915222,6.8012237549
BATT_MODEL_RAW:,655,1308.4883377,2.1592750549,1.8190116882,6.805267334
BATT_MODEL_RAW:,656,1310.4890259,2.1588249207,1.8183937073,6.8086242676
BATT_MODEL_RAW:,657,1312.489544,2.1584014893,1.8178482056,6.8110656738
BATT_MODEL_RAW:,658,1314.4904115,2.1580238342,1.8173713684,6.8130493164
BATT_MODEL_RAW:,659,1316.4908263,2.1576499939,1.8168869019,6.8152618408
BATT_MODEL_RAW:,660,1318.4915436,2.1572761536,1.8163528442,6.8184661865
BATT_MODEL_RAW:,661,1320.4924561,2.156917572,1.815826416,6.8218231201
BATT_MODEL_RAW:,662,1322.4930593,2.1564941406,1.8152236938,6.8254089355
BATT_MODEL_RAW:,663,1324.4937057,2.1560974121,1.814666748,6.8286132813
BATT_MODEL_RAW:,664,1326.4942728,2.1556892395,1.8141593933,6.8305969238
BATT_MODEL_RAW:,665,1328.4952956,2.1552238464,1.8135223389,6.8340301514
BATT_MODEL_RAW:,666,1330.4963874,2.1548309326,1.8129234314,6.8381500244
BATT_MODEL_RAW:,667,1332.4969541,2.1544342041,1.8123512268,6.8416595459
BATT_MODEL_RAW:,668,1334.4978327,2.153968811,1.8117027283,6.8453216553
BATT_MODEL_RAW:,669,1336.4989285,2.1535110474,1.8110771179,6.8486785889
BATT_MODEL_RAW:,670,1338.500019,2.1531333923,1.8104553223,6.8535614014
BATT_MODEL_RAW:,671,1340.5007292,2.1526870728,1.8098831177,6.8560791016
BATT_MODEL_RAW:,672,1342.5012755,2.1522903442,1.8092842102,6.8601226807
BATT_MODEL_RAW:,673,1344.5021377,2.151927948,1.8087768555,6.8630218506
BATT_MODEL_RAW:,674,1346.5028114,2.1514549255,1.8081703186,6.8656921387
BATT_MODEL_RAW:,675,1348.503266,2.1510467529,1.8076171875,6.8685913086
BATT_MODEL_RAW:,676,1350.5035871,2.1506233215,1.8070793152,6.870880127
BATT_MODEL_RAW:,677,1352.5039021,2.1502037048,1.8065567017,6.8729400635
BATT_MODEL_RAW:,678,1354.5043096,2.1497764587,1.8059959412,6.8756103516
BATT_MODEL_RAW:,679,1356.5051946,2.149356842,1.8054847717,6.8774414063
BATT_MODEL_RAW:,680,1358.5059218,2.1489372253,1.8049736023,6.8792724609
BATT_MODEL_RAW:,681,1360.5067485,2.1485366821,1.8044471741,6.8817901611
BATT_MODEL_RAW:,682,1362.5077134,2.1481246948,1.803894043,6.8846130371
BATT_MODEL_RAW:,683,1364.5084437,2.1477508545,1.8033981323,6.8870544434
BATT_MODEL_RAW:,684,1366.5088501,2.1473083496,1.8028717041,6.8887329102
BATT_MODEL_RAW:,685,1368.5095473,2.1468429565,1.8022994995,6.8908691406
BATT_MODEL_RAW:,686,1370.5101374,2.1464233398,1.8017120361,6.8942260742
BATT_MODEL_RAW:,687,1372.5105595,2.1459960938,1.8011779785,6.8963623047
BATT_MODEL_RAW:,688,1374.5110089,2.1456260681,1.8006820679,6.8988800049
BATT_MODEL_RAW:,689,1376.5116645,2.1452255249,1.8000946045,6.9026184082
BATT_MODEL_RAW:,690,1378.512378,2.1448974609,1.7995910645,6.9061279297
BATT_MODEL_RAW:,691,1380.5128456,2.1444816589,1.7990875244,6.9078826904
BATT_MODEL_RAW:,692,1382.5135142,2.144077301,1.7985420227,6.9107055664
BATT_MODEL_RAW:,693,1384.5141823,2.143661499,1.7981147766,6.9109344482
BATT_MODEL_RAW:,694,1386.5152049,2.1432304382,1.7975692749,6.9132232666
BATT_MODEL_RAW:,695,1388.5158828,2.1428604126,1.7971572876,6.9140625
BATT_MODEL_RAW:,696,1390.5166304,2.1425132751,1.7966346741,6.9175720215
BATT_MODEL_RAW:,697,1392.5173296,2.1421203613,1.7960357666,6.9216918945
BATT_MODEL_RAW:,698,1394.5182112,2.1417350769,1.795463562,6.9254302979
BATT_MODEL_RAW:,699,1396.5188903,2.1414260864,1.7950019836,6.9284820557
BATT_MODEL_RAW:,700,1398.5198026,2.1410293579,1.7943916321,6.9327545166
BATT_MODEL_RAW:,701,1400.5202631,2.1406745911,1.793888092,6.9357299805
BATT_MODEL_RAW:,702,1402.5205634,2.1402931213,1.7933883667,6.9380950928
BATT_MODEL_RAW:,703,1404.5214066,2.1398773193,1.79296875,6.9381713867
BATT_MODEL_RAW:,704,1406.5220243,2.1394920349,1.7923774719,6.9422912598
BATT_MODEL_RAW:,705,1408.5227513,2.1392555237,1.7920417786,6.9442749023
BATT_MODEL_RAW:,706,1410.52339,2.1389427185,1.7915802002,6.9472503662
BATT_MODEL_RAW:,707,1412.5240601,2.1386222839,1.7910842896,6.9507598877
BATT_MODEL_RAW:,708,1414.5249074,2.1382446289,1.7906074524,6.9527435303
BATT_MODEL_RAW:,709,1416.5254725,2.1379165649,1.7901115417,6.9561004639
BATT_MODEL_RAW:,710,1418.5262015,2.1376304626,1.7896499634,6.9596099854
BATT_MODEL_RAW:,711,1420.5269758,2.1373062134,1.7893257141,6.9596099854
BATT_MODEL_RAW:,712,1422.5274901,2.1369132996,1.7887840271,6.9625854492
BATT_MODEL_RAW:,713,1424.528392,2.1365394592,1.7882995605,6.9647979736
BATT_MODEL_RAW:,714,1426.5290871,2.1361465454,1.7878341675,6.9662475586
BATT_MODEL_RAW:,715,1428.529734,2.1357536316,1.7873497009,6.9680786133
BATT_MODEL_RAW:,716,1430.5305013,2.1353149414,1.7868499756,6.9692993164
BATT_MODEL_RAW:,717,1432.5309807,2.1349449158,1.7863006592,6.9728851318
BATT_MODEL_RAW:,718,1434.531704,2.1345977783,1.7858123779,6.9757080078
BATT_MODEL_RAW:,719,1436.5324265,2.1343460083,1.7853889465,6.9791412354
BATT_MODEL_RAW:,720,1438.5330824,2.1339492798,1.7848052979,6.9828796387
BATT_MODEL_RAW:,721,1440.5341155,2.1336326599,1.7843437195,6.9857788086
BATT_MODEL_RAW:,722,1442.5350429,2.1332435608,1.7838439941,6.987991333
BATT_MODEL_RAW:,723,1444.5359421,2.1329231262,1.7833175659,6.9921112061
BATT_MODEL_RAW:,724,1446.5368984,2.1324958801,1.7826766968,6.996383667
BATT_MODEL_RAW:,725,1448.537494,2.1320953369,1.7821121216,6.9996643066
BATT_MODEL_RAW:,726,1450.5379863,2.1317558289,1.7816390991,7.0023345947
BATT_MODEL_RAW:,727,1452.5389691,2.1313972473,1.7810668945,7.0066070557
BATT_MODEL_RAW:,728,1454.5398945,2.1311149597,1.7805747986,7.0108032227
BATT_MODEL_RAW:,729,1456.5404483,2.1307868958,1.7801017761,7.0137023926
BATT_MODEL_RAW:,730,1458.5411813,2.1304283142,1.7795066833,7.0184326172
BATT_MODEL_RAW:,731,1460.541607,2.1301269531,1.7790336609,7.0218658447
BATT_MODEL_RAW:,732,1462.5421609,2.1297912598,1.778465271,7.0265197754
BATT_MODEL_RAW:,733,1464.5427762,2.1294555664,1.7778778076,7.0315551758
BATT_MODEL_RAW:,734,1466.5434212,2.1291122437,1.7774391174,7.0334625244
BATT_MODEL_RAW:,735,1468.5438931,2.1288375854,1.7769470215,7.0378112793
BATT_MODEL_RAW:,736,1470.545059,2.1285171509,1.7764320374,7.0417022705
BATT_MODEL_RAW:,737,1472.5461572,2.1281356812,1.7760467529,7.0417785645
BATT_MODEL_RAW:,738,1474.5466999,2.1277809143,1.7756614685,7.042388916
BATT_MODEL_RAW:,739,1476.5476906,2.1273651123,1.7750091553,7.0471191406
BATT_MODEL_RAW:,740,1478.5482029,2.1269454956,1.7743682861,7.0515441895
BATT_MODEL_RAW:,741,1480.5487965,2.1265525818,1.7738456726,7.0541381836
BATT_MODEL_RAW:,742,1482.5495878,2.126247406,1.7733459473,7.0580291748
BATT_MODEL_RAW:,743,1484.550295,2.125869751,1.7727851868,7.0616912842
BATT_MODEL_RAW:,744,1486.5508733,2.1256752014,1.7724151611,7.0652008057
BATT_MODEL_RAW:,745,1488.5514487,2.1253318787,1.7718391418,7.0698547363
BATT_MODEL_RAW:,746,1490.5521453,2.1250343323,1.771282196,7.0750427246
BATT_MODEL_RAW:,747,1492.5527211,2.1246376038,1.7706985474,7.0787811279
BATT_MODEL_RAW:,748,1494.5537747,2.1242485046,1.7699661255,7.085647583
BATT_MODEL_RAW:,749,1496.5548206,2.1239547729,1.7694206238,7.0906829834
BATT_MODEL_RAW:,750,1498.5552389,2.1236877441,1.7689743042,7.0942687988
BATT_MODEL_RAW:,751,1500.5560908,2.123336792,1.7684516907,7.0977020264
BATT_MODEL_RAW:,752,1502.556421,2.1229972839,1.7678451538,7.1030426025
BATT_MODEL_RAW:,753,1504.5573842,2.1226387024,1.7673530579,7.1057128906
BATT_MODEL_RAW:,754,1506.5582879,2.1222877502,1.7668418884,7.1089172363
BATT_MODEL_RAW:,755,1508.5587686,2.1219902039,1.766368866,7.1124267578
BATT_MODEL_RAW:,756,1510.5597748,2.1217079163,1.7659645081,7.1148681641
BATT_MODEL_RAW:,757,1512.5605451,2.121295929,1.7654533386,7.1168518066
BATT_MODEL_RAW:,758,1514.5612754,2.121006012,1.7650260925,7.1195983887
BATT_MODEL_RAW:,759,1516.5622213,2.1205673218,1.7643928528,7.1234893799
BATT_MODEL_RAW:,760,1518.5632055,2.1202087402,1.7638092041,7.1279907227
BATT_MODEL_RAW:,761,1520.5638085,2.1198348999,1.7631988525,7.1327209473
BATT_MODEL_RAW:,762,1522.5644133,2.1194953918,1.7626495361,7.1369171143
BATT_MODEL_RAW:,763,1524.5651852,2.1191329956,1.7621803284,7.1390533447
BATT_MODEL_RAW:,764,1526.5659571,2.1188011169,1.7616539001,7.1429443359
BATT_MODEL_RAW:,765,1528.5668645,2.1185340881,1.7612457275,7.1457672119
BATT_MODEL_RAW:,766,1530.5674122,2.1182174683,1.7607345581,7.1496582031
BATT_MODEL_RAW:,767,1532.567906,2.1178627014,1.7601966858,7.1533203125
BATT_MODEL_RAW:,768,1534.5685402,2.1174926758,1.7594642639,7.1605682373
BATT_MODEL_RAW:,769,1536.5692688,2.1170883179,1.7587547302,7.1666717529
BATT_MODEL_RAW:,770,1538.5697288,2.1166419983,1.7580451965,7.1719360352
BATT_MODEL_RAW:,771,1540.5698602,2.1161079407,1.7571296692,7.1795654297
BATT_MODEL_RAW:,772,1542.5708785,2.1157302856,1.7564544678,7.1855163574
BATT_MODEL_RAW:,773,1544.5715871,2.1153793335,1.755897522,7.1896362305
BATT_MODEL_RAW:,774,1546.572451,2.1150741577,1.7557220459,7.1870422363
BATT_MODEL_RAW:,775,1548.5726099,2.1147041321,1.7552223206,7.1896362305
BATT_MODEL_RAW:,776,1550.5731816,2.1143417358,1.7544441223,7.1979522705
BATT_MODEL_RAW:,777,1552.573836,2.1140823364,1.7537155151,7.2073364258
BATT_MODEL_RAW:,778,1554.5749285,2.1136665344,1.7531471252,7.2103881836
BATT_MODEL_RAW:,779,1556.5757657,2.1133575439,1.7525215149,7.2167205811
BATT_MODEL_RAW:,780,1558.5764826,2.1128807068,1.7515602112,7.2264099121
BATT_MODEL_RAW:,781,1560.5775007,2.1125907898,1.7509841919,7.232131958
BATT_MODEL_RAW:,782,1562.5783578,2.1123123169,1.7505149841,7.2359466553
BATT_MODEL_RAW:,783,1564.5790293,2.1119804382,1.7499809265,7.2399902344
BATT_MODEL_RAW:,784,1566.5799709,2.1117324829,1.7494735718,7.2451782227
BATT_MODEL_RAW:,785,1568.580477,2.1114768982,1.7491111755,7.2473144531
BATT_MODEL_RAW:,786,1570.5811702,2.1112213135,1.7488365173,7.2476959229
BATT_MODEL_RAW:,787,1572.5817861,2.1108589172,1.7483139038,7.2509002686
BATT_MODEL_RAW:,788,1574.5819155,2.1105957031,1.7478179932,7.2555541992
BATT_MODEL_RAW:,789,1576.5825377,2.110206604,1.7472953796,7.2582244873
BATT_MODEL_RAW:,790,1578.5835106,2.1099205017,1.7469520569,7.2593688965
BATT_MODEL_RAW:,791,1580.5841629,2.1096916199,1.7464790344,7.264251709
BATT_MODEL_RAW:,792,1582.5848198,2.1092643738,1.7458457947,7.268371582
BATT_MODEL_RAW:,793,1584.5854734,2.108997345,1.7455711365,7.2685241699
BATT_MODEL_RAW:,794,1586.5861817,2.1087646484,1.7453117371,7.2690582275
BATT_MODEL_RAW:,795,1588.5869599,2.108379364,1.7446899414,7.2737884521
BATT_MODEL_RAW:,796,1590.5877401,2.1080703735,1.744354248,7.2743225098
BATT_MODEL_RAW:,797,1592.5883486,2.1077690125,1.7437934875,7.279510498
BATT_MODEL_RAW:,798,1594.5892461,2.1072807312,1.7431640625,7.282333374
BATT_MODEL_RAW:,799,1596.5901594,2.106967926,1.74269104,7.2855377197
BATT_MODEL_RAW:,800,1598.5908204,2.1066551208,1.7421150208,7.290802002
BATT_MODEL_RAW:,801,1600.5912167,2.1063995361,1.7416648865,7.2946929932
BATT_MODEL_RAW:,802,1602.5921447,2.1059494019,1.740901947,7.3009490967
BATT_MODEL_RAW:,803,1604.5929154,2.1055793762,1.7403678894,7.3042297363
BATT_MODEL_RAW:,804,1606.5936126,2.1052246094,1.7397842407,7.308807373
BATT_MODEL_RAW:,805,1608.5943324,2.1048622131,1.7392272949,7.3126983643
BATT_MODEL_RAW:,806,1610.5950879,2.1045265198,1.7387313843,7.31590271
BATT_MODEL_RAW:,807,1612.5954085,2.1041641235,1.7381706238,7.3198699951
BATT_MODEL_RAW:,808,1614.5962625,2.103805542,1.7374382019,7.3273468018
BATT_MODEL_RAW:,809,1616.5971424,2.1034126282,1.7368545532,7.331161499
BATT_MODEL_RAW:,810,1618.5977546,2.1031608582,1.7362556458,7.338104248
BATT_MODEL_RAW:,811,1620.598333,2.1028823853,1.7356872559,7.3439025879
BATT_MODEL_RAW:,812,1622.5990573,2.1025314331,1.7349777222,7.3510742188
BATT_MODEL_RAW:,813,1624.6000754,2.1021995544,1.7342834473,7.3583221436
BATT_MODEL_RAW:,814,1626.6006019,2.1017417908,1.7335319519,7.3641967773
BATT_MODEL_RAW:,815,1628.6011656,2.1014442444,1.7330245972,7.3683929443
BATT_MODEL_RAW:,816,1630.6020376,2.101146698,1.7326545715,7.3698425293
BATT_MODEL_RAW:,817,1632.6026316,2.1007575989,1.7319984436,7.3751831055
BATT_MODEL_RAW:,818,1634.6033552,2.1002578735,1.7311248779,7.3826599121
BATT_MODEL_RAW:,819,1636.6044828,2.099899292,1.7303657532,7.3906707764
BATT_MODEL_RAW:,820,1638.6051243,2.0996398926,1.7298622131,7.3955535889
BATT_MODEL_RAW:,821,1640.6059703,2.0993652344,1.7291870117,7.4035644531
BATT_MODEL_RAW:,822,1642.606444,2.0988006592,1.7281913757,7.4121856689
BATT_MODEL_RAW:,823,1644.6071142,2.0984115601,1.7274894714,7.4184417725
BATT_MODEL_RAW:,824,1646.6077944,2.0980377197,1.7268257141,7.4242401123
BATT_MODEL_RAW:,825,1648.6083929,2.0976791382,1.7261734009,7.4301147461
BATT_MODEL_RAW:,826,1650.6092314,2.0972747803,1.7252807617,7.4398803711
BATT_MODEL_RAW:,827,1652.6097954,2.0968513489,1.724571228,7.445602417
BATT_MODEL_RAW:,828,1654.6105732,2.0964241028,1.7239532471,7.4494171143
BATT_MODEL_RAW:,829,1656.6110146,2.0961265564,1.7233695984,7.4551391602
BATT_MODEL_RAW:,830,1658.6116296,2.0958442688,1.7227554321,7.4617767334
BATT_MODEL_RAW:,831,1660.6123739,2.095500946,1.7223854065,7.462310791
BATT_MODEL_RAW:,832,1662.612879,2.0951919556,1.7220535278,7.4627685547
BATT_MODEL_RAW:,833,1664.6134619,2.0948829651,1.7215766907,7.4661254883
BATT_MODEL_RAW:,834,1666.6143104,2.0945053101,1.7209739685,7.4706268311
BATT_MODEL_RAW:,835,1668.6147409,2.0942115784,1.7202644348,7.4789428711
BATT_MODEL_RAW:,836,1670.6158276,2.0937042236,1.7198066711,7.4779510498
BATT_MODEL_RAW:,837,1672.6163984,2.0933837891,1.7191963196,7.4837493896
BATT_MODEL_RAW:,838,1674.6170733,2.0929489136,1.718334198,7.4922943115
BATT_MODEL_RAW:,839,1676.6177386,2.0924415588,1.7176551819,7.4957275391
BATT_MODEL_RAW:,840,1678.6186446,2.0921592712,1.717338562,7.4964141846
BATT_MODEL_RAW:,841,1680.6189045,2.0917930603,1.7168693542,7.4984741211
BATT_MODEL_RAW:,842,1682.6198363,2.0916557312,1.7163887024,7.5053405762
BATT_MODEL_RAW:,843,1684.6199765,2.0912971497,1.7157211304,7.5115203857
BATT_MODEL_RAW:,844,1686.6202069,2.0908699036,1.714931488,7.5187683105
BATT_MODEL_RAW:,845,1688.6204876,2.090473175,1.7140579224,7.5283050537
BATT_MODEL_RAW:,846,1690.6213534,2.0900764465,1.713596344,7.5296020508
BATT_MODEL_RAW:,847,1692.6224098,2.0896987915,1.7131004333,7.5319671631
BATT_MODEL_RAW:,848,1694.6234425,2.089427948,1.7123756409,7.5410461426
BATT_MODEL_RAW:,849,1696.6243001,2.0889587402,1.7117996216,7.543182373
BATT_MODEL_RAW:,850,1698.6250398,2.0886497498,1.7115631104,7.5417327881
BATT_MODEL_RAW:,851,1700.6259442,2.0883903503,1.7109794617,7.5482177734
BATT_MODEL_RAW:,852,1702.6269539,2.0880737305,1.7103767395,7.5539398193
BATT_MODEL_RAW:,853,1704.6276821,2.0877227783,1.7097129822,7.5601959229
BATT_MODEL_RAW:,854,1706.6285944,2.0873413086,1.7093544006,7.5597381592
BATT_MODEL_RAW:,855,1708.6291969,2.0869369507,1.7091064453,7.5566101074
BATT_MODEL_RAW:,856,1710.6298532,2.0865097046,1.7084693909,7.5608062744
BATT_MODEL_RAW:,857,1712.630447,2.0861282349,1.7078170776,7.5662231445
BATT_MODEL_RAW:,858,1714.6310472,2.0857849121,1.7074127197,7.5674438477
BATT_MODEL_RAW:,859,1716.6319934,2.0854110718,1.706413269,7.5799560547
BATT_MODEL_RAW:,860,1718.6328249,2.0849952698,1.7054595947,7.590713501
BATT_MODEL_RAW:,861,1720.6332917,2.0845756531,1.7044792175,7.6019287109
BATT_MODEL_RAW:,862,1722.6334446,2.0841789246,1.7033081055,7.6174163818
BATT_MODEL_RAW:,863,1724.6345947,2.0838241577,1.703037262,7.615737915
BATT_MODEL_RAW:,864,1726.6356782,2.0832366943,1.70262146,7.6123046875
BATT_MODEL_RAW:,865,1728.6364333,2.0827026367,1.7019538879,7.6149749756
BATT_MODEL_RAW:,866,1730.6374626,2.0823097229,1.7008056641,7.6300811768
BATT_MODEL_RAW:,867,1732.6384783,2.0820579529,1.7003211975,7.6347351074
BATT_MODEL_RAW:,868,1734.6394569,2.081741333,1.6992378235,7.6500701904
BATT_MODEL_RAW:,869,1736.639593,2.0813369751,1.6979827881,7.6670837402
BATT_MODEL_RAW:,870,1738.6405014,2.0810241699,1.6968193054,7.68409729
BATT_MODEL_RAW:,871,1740.64138,2.0807189941,1.6956329346,7.7017211914
BATT_MODEL_RAW:,872,1742.6419907,2.080406189,1.6949539185,7.7090454102
BATT_MODEL_RAW:,873,1744.6429523,2.080078125,1.6942367554,7.7168273926
BATT_MODEL_RAW:,874,1746.643791,2.0796928406,1.6934318542,7.7252197266
BATT_MODEL_RAW:,875,1748.6444581,2.0793266296,1.6927757263,7.7310180664
BATT_MODEL_RAW:,876,1750.6449575,2.0789642334,1.692325592,7.7327728271
BATT_MODEL_RAW:,877,1752.6454648,2.0786476135,1.6915473938,7.7420043945
BATT_MODEL_RAW:,878,1754.6458151,2.078502655,1.6907958984,7.7541351318
BATT_MODEL_RAW:,879,1756.6467679,2.0782318115,1.6903457642,7.7577209473
BATT_MODEL_RAW:,880,1758.6470173,2.077960968,1.6899528503,7.7601623535
BATT_MODEL_RAW:,881,1760.6477825,2.07762146,1.6894721985,7.7629852295
BATT_MODEL_RAW:,882,1762.6482636,2.0772209167,1.6881065369,7.7822875977
BATT_MODEL_RAW:,883,1764.648836,2.0767745972,1.6872367859,7.7907562256
BATT_MODEL_RAW:,884,1766.6494838,2.0764770508,1.6867904663,7.7937316895
BATT_MODEL_RAW:,885,1768.6501346,2.0760536194,1.6862373352,7.7963256836
BATT_MODEL_RAW:,886,1770.6509351,2.0757293701,1.685634613,7.8018951416
BATT_MODEL_RAW:,887,1772.6520154,2.0753707886,1.685256958,7.8022766113
BATT_MODEL_RAW:,888,1774.6529249,2.0749778748,1.684841156,7.802734375
BATT_MODEL_RAW:,889,1776.6533721,2.0744285583,1.6839103699,7.8103637695
BATT_MODEL_RAW:,890,1778.6539989,2.0738334656,1.6826705933,7.8232574463
BATT_MODEL_RAW:,891,1780.6542741,2.0735931396,1.6823997498,7.8238677979
BATT_MODEL_RAW:,892,1782.6552106,2.0733757019,1.6821670532,7.8241729736
BATT_MODEL_RAW:,893,1784.6557318,2.073261261,1.6819152832,7.8269195557
BATT_MODEL_RAW:,894,1786.6568548,2.0729255676,1.6811790466,7.8349304199
BATT_MODEL_RAW:,895,1788.6570555,2.0725822449,1.6809654236,7.8323364258
BATT_MODEL_RAW:,896,1790.6573353,2.0722007751,1.6802482605,7.839050293
BATT_MODEL_RAW:,897,1792.6583531,2.0716552734,1.6790237427,7.8526306152
BATT_MODEL_RAW:,898,1794.658836,2.0711326599,1.6785888672,7.8508758545
BATT_MODEL_RAW:,899,1796.6600018,2.070602417,1.6783676147,7.8446960449
BATT_MODEL_RAW:,900,1798.6606419,2.0701904297,1.677936554,7.8450775146
BATT_MODEL_RAW:,901,1800.6613923,2.0697669983,1.6773452759,7.8484344482
BATT_MODEL_RAW:,902,1802.6619327,2.0694160461,1.6763877869,7.8605651855
BATT_MODEL_RAW:,903,1804.6622563,2.069065094,1.6756515503,7.868270874
BATT_MODEL_RAW:,904,1806.6631631,2.0685462952,1.6750831604,7.8692626953
BATT_MODEL_RAW:,905,1808.6640739,2.0681800842,1.6750068665,7.8634643555
BATT_MODEL_RAW:,906,1810.6645993,2.0677947998,1.6746673584,7.8625488281
BATT_MODEL_RAW:,907,1812.6652884,2.0674591064,1.6743240356,7.862701416
BATT_MODEL_RAW:,908,1814.6656986,2.067073822,1.6736030579,7.8694152832
BATT_MODEL_RAW:,909,1816.6663712,2.066619873,1.6729736328,7.8729248047
BATT_MODEL_RAW:,910,1818.6667396,2.0662078857,1.6721343994,7.8814697266
BATT_MODEL_RAW:,911,1820.6678177,2.0659141541,1.6720657349,7.8769683838
BATT_MODEL_RAW:,912,1822.6683096,2.0655555725,1.6718139648,7.8748321533
BATT_MODEL_RAW:,913,1824.6694595,2.0650787354,1.6708755493,7.8840637207
BATT_MODEL_RAW:,914,1826.6697074,2.0646209717,1.6705245972,7.8819274902
BATT_MODEL_RAW:,915,1828.6702925,2.0642242432,1.6699066162,7.8863525391
BATT_MODEL_RAW:,916,1830.6714513,2.0638618469,1.6692810059,7.8916168213
BATT_MODEL_RAW:,917,1832.6721464,2.0634994507,1.6686782837,7.8964233398
BATT_MODEL_RAW:,918,1834.6731134,2.06300354,1.6677780151,7.904510498
BATT_MODEL_RAW:,919,1836.6737239,2.0625076294,1.6669273376,7.911605835
BATT_MODEL_RAW:,920,1838.6743591,2.0620384216,1.6661376953,7.9180145264
BATT_MODEL_RAW:,921,1840.6749623,2.0615692139,1.6657943726,7.9154968262
BATT_MODEL_RAW:,922,1842.6754475,2.0612030029,1.6649360657,7.9253387451
BATT_MODEL_RAW:,923,1844.6761072,2.0608215332,1.6638412476,7.9396057129
BATT_MODEL_RAW:,924,1846.6765334,2.060585022,1.6635169983,7.9413604736
BATT_MODEL_RAW:,925,1848.6770942,2.0601272583,1.662979126,7.9429626465
BATT_MODEL_RAW:,926,1850.6775828,2.0595359802,1.6623153687,7.9444122314
BATT_MODEL_RAW:,927,1852.6782587,2.0591087341,1.6613502502,7.9551696777
BATT_MODEL_RAW:,928,1854.6788375,2.0585708618,1.6602096558,7.9672241211
BATT_MODEL_RAW:,929,1856.6793429,2.0581550598,1.6594352722,7.974395752
BATT_MODEL_RAW:,930,1858.6797889,2.0577774048,1.6588745117,7.9780578613
BATT_MODEL_RAW:,931,1860.680737,2.0573348999,1.6582221985,7.9822540283
BATT_MODEL_RAW:,932,1862.6816521,2.0567092896,1.6575965881,7.9822540283
BATT_MODEL_RAW:,933,1864.6824703,2.0562019348,1.656539917,7.9932403564
BATT_MODEL_RAW:,934,1866.6832733,2.0556716919,1.6553459167,8.0065155029
BATT_MODEL_RAW:,935,1868.6838959,2.0553207397,1.6544761658,8.0168914795
BATT_MODEL_RAW:,936,1870.6842451,2.0548591614,1.6531028748,8.0351257324
BATT_MODEL_RAW:,937,1872.6846754,2.0544090271,1.6522903442,8.0423736572
BATT_MODEL_RAW:,938,1874.6853054,2.0539627075,1.6512107849,8.0550384521
BATT_MODEL_RAW:,939,1876.6860551,2.0536003113,1.6499519348,8.0729675293
BATT_MODEL_RAW.capacity:,0.026065084099

BATT_MODEL:,Index,Timestamp,Voc,Vload,ESR
BATT_MODEL:,1,1876.6512241,2.0536003113,1.6499519348,8.0729675293
BATT_MODEL:,2,1858.6449579,2.0577774048,1.6588745117,7.9780578613
BATT_MODEL:,3,1838.6395281,2.0620384216,1.6661376953,7.9180145264
BATT_MODEL:,4,1820.6329867,2.0659141541,1.6720657349,7.8769683838
BATT_MODEL:,5,1800.6265613,2.0697669983,1.6773452759,7.8484344482
BATT_MODEL:,6,1782.6203795,2.0733757019,1.6821670532,7.8241729736
BATT_MODEL:,7,1764.614005,2.0767745972,1.6872367859,7.7907562256
BATT_MODEL:,8,1744.6081212,2.080078125,1.6942367554,7.7168273926
BATT_MODEL:,9,1726.6008471,2.0832366943,1.70262146,7.6123046875
BATT_MODEL:,10,1708.5943659,2.0869369507,1.7091064453,7.5566101074
BATT_MODEL:,11,1688.5856566,2.090473175,1.7140579224,7.5283050537
BATT_MODEL:,12,1670.5809966,2.0937042236,1.7198066711,7.4779510498
BATT_MODEL:,13,1650.5744004,2.0972747803,1.7252807617,7.4398803711
BATT_MODEL:,14,1632.5678006,2.1007575989,1.7319984436,7.3751831055
BATT_MODEL:,15,1614.5614315,2.103805542,1.7374382019,7.3273468018
BATT_MODEL:,16,1594.5544151,2.1072807312,1.7431640625,7.282333374
BATT_MODEL:,17,1576.5477066,2.110206604,1.7472953796,7.2582244873
BATT_MODEL:,18,1558.5416516,2.1128807068,1.7515602112,7.2264099121
BATT_MODEL:,19,1538.5348978,2.1166419983,1.7580451965,7.1719360352
BATT_MODEL:,20,1520.5289775,2.1198348999,1.7631988525,7.1327209473
BATT_MODEL:,21,1500.5212598,2.123336792,1.7684516907,7.0977020264
BATT_MODEL:,22,1482.5147567,2.126247406,1.7733459473,7.0580291748
BATT_MODEL:,23,1464.5079452,2.1294555664,1.7778778076,7.0315551758
BATT_MODEL:,24,1444.5011111,2.1329231262,1.7833175659,6.9921112061
BATT_MODEL:,25,1426.494256,2.1361465454,1.7878341675,6.9662475586
BATT_MODEL:,26,1408.4879202,2.1392555237,1.7920417786,6.9442749023
BATT_MODEL:,27,1388.4810517,2.1428604126,1.7971572876,6.9140625
BATT_MODEL:,28,1370.4753063,2.1464233398,1.8017120361,6.8942260742
BATT_MODEL:,29,1350.4687561,2.1506233215,1.8070793152,6.870880127
BATT_MODEL:,30,1332.462123,2.1544342041,1.8123512268,6.8416595459
BATT_MODEL:,31,1314.4555805,2.1580238342,1.8173713684,6.8130493164
BATT_MODEL:,32,1294.4491808,2.1622390747,1.823223114,6.7803192139
BATT_MODEL:,33,1276.4430203,2.1660194397,1.8294181824,6.7320251465
BATT_MODEL:,34,1256.4371025,2.1701049805,1.8363456726,6.6751861572
BATT_MODEL:,35,1238.4319973,2.1739692688,1.842376709,6.6318511963
BATT_MODEL:,36,1220.4256218,2.1777076721,1.8474197388,6.605758667
BATT_MODEL:,37,1200.4184743,2.1815299988,1.8534431458,6.5617370605
BATT_MODEL:,38,1182.4131268,2.185333252,1.8584671021,6.537322998
BATT_MODEL:,39,1164.4088,2.1892623901,1.8636932373,6.5113830566
BATT_MODEL:,40,1144.4030451,2.1941223145,1.8698692322,6.4850616455
BATT_MODEL:,41,1126.3974976,2.197883606,1.8747024536,6.4636230469
BATT_MODEL:,42,1106.392093,2.2023582458,1.8803977966,6.4392089844
BATT_MODEL:,43,1088.3874412,2.2062492371,1.885684967,6.4112854004
BATT_MODEL:,44,1070.3818363,2.2105979919,1.8914489746,6.3829803467
BATT_MODEL:,45,1050.3758818,2.2154121399,1.8978805542,6.3506317139
BATT_MODEL:,46,1032.3695041,2.2196998596,1.9035186768,6.3236236572
BATT_MODEL:,47,1014.3624749,2.2242088318,1.9090652466,6.3028717041
BATT_MODEL:,48,994.35764426,2.2292556763,1.9151725769,6.2816619873
BATT_MODEL:,49,976.35036304,2.2337722778,1.9207572937,6.2602996826
BATT_MODEL:,50,956.34240688,2.2387695313,1.9268112183,6.2391662598
BATT_MODEL:,51,938.33534088,2.2434425354,1.9323272705,6.2223052979
BATT_MODEL:,52,920.32842536,2.248134613,1.9379577637,6.2035369873
BATT_MODEL:,53,900.32321092,2.2538146973,1.9449043274,6.1782073975
BATT_MODEL:,54,882.31790124,2.2587051392,1.9507713318,6.1586761475
BATT_MODEL:,55,862.31194836,2.2642822266,1.9573364258,6.1389160156
BATT_MODEL:,56,844.30529218,2.2694740295,1.9632987976,6.1235046387
BATT_MODEL:,57,826.3003024,2.2744941711,1.9684715271,6.1204528809
BATT_MODEL:,58,806.29451908,2.2797164917,1.9736366272,6.12159729
BATT_MODEL:,59,788.2895019,2.285030365,1.9789772034,6.1210632324
BATT_MODEL:,60,770.28320824,2.290473938,1.9844322205,6.1208343506
BATT_MODEL:,61,750.27776864,2.2965316772,1.9903793335,6.123046875
BATT_MODEL:,62,732.27347016,2.3021469116,1.995891571,6.1251068115
BATT_MODEL:,63,712.26844414,2.3081970215,2.0017204285,6.1295318604
BATT_MODEL:,64,694.2628517,2.313999176,2.0076637268,6.1267089844
BATT_MODEL:,65,676.25738014,2.3202056885,2.0140037537,6.1240386963
BATT_MODEL:,66,656.2514709,2.3271903992,2.0214920044,6.1139678955
BATT_MODEL:,67,638.24609672,2.3335494995,2.0284156799,6.1026763916
BATT_MODEL:,68,620.24002684,2.3402519226,2.0355529785,6.0939788818
BATT_MODEL:,69,600.23410036,2.347869873,2.0439071655,6.0792541504
BATT_MODEL:,70,582.22862422,2.3547363281,2.0510826111,6.0730743408
BATT_MODEL:,71,562.22337472,2.3626823425,2.0594406128,6.0648345947
BATT_MODEL:,72,544.21656926,2.3701934814,2.0673370361,6.0571289063
BATT_MODEL:,73,526.21020616,2.3776321411,2.0752601624,6.0474395752
BATT_MODEL:,74,506.2029385,2.3862609863,2.084651947,6.0321807861
BATT_MODEL:,75,488.19458012,2.394367218,2.0932235718,6.0228729248
BATT_MODEL:,76,468.18730468,2.403503418,2.1027755737,6.0145568848
BATT_MODEL:,77,450.17959934,2.4122276306,2.1118736267,6.0070800781
BATT_MODEL:,78,432.1713679,2.421207428,2.1212615967,5.998916626
BATT_MODEL:,79,412.16140054,2.4314689636,2.1318016052,5.993347168
BATT_MODEL:,80,394.15446826,2.4408340454,2.141544342,5.9857940674
BATT_MODEL:,81,376.14782034,2.4505462646,2.1517486572,5.9759521484
BATT_MODEL:,82,356.1415268,2.4616012573,2.163356781,5.9648895264
BATT_MODEL:,83,338.13417734,2.4718704224,2.1743278503,5.9508514404
BATT_MODEL:,84,318.12688324,2.4835624695,2.1871070862,5.929107666
BATT_MODEL:,85,300.12236968,2.4944000244,2.1990203857,5.9075927734
BATT_MODEL:,86,282.11588528,2.5056114197,2.2116546631,5.8791351318
BATT_MODEL:,87,262.1087022,2.5183334351,2.2261657715,5.8433532715
BATT_MODEL:,88,244.10082712,2.5302391052,2.2401199341,5.8023834229
BATT_MODEL:,89,226.09454474,2.5425682068,2.254940033,5.7525634766
BATT_MODEL:,90,206.08597368,2.5567741394,2.2722854614,5.6897735596
BATT_MODEL:,91,188.07863474,2.5702171326,2.2888832092,5.6266784668
BATT_MODEL:,92,168.07027072,2.5858955383,2.3081283569,5.5553436279
BATT_MODEL:,93,150.06309106,2.6009407043,2.326423645,5.4903411865
BATT_MODEL:,94,132.05484834,2.6170959473,2.3457298279,5.4273223877
BATT_MODEL:,95,112.0466689,2.6366539001,2.3683586121,5.3659057617
BATT_MODEL:,96,94.0398755,2.6563415527,2.3903808594,5.3192138672
BATT_MODEL:,97,76.03289008,2.6786117554,2.4142074585,5.2880859375
BATT_MODEL:,98,56.0235209,2.7079734802,2.4434585571,5.2902984619
BATT_MODEL:,99,38.01576948,2.7421531677,2.475151062,5.3400421143
BATT_MODEL:,100,18.0076007,2.8018989563,2.5287055969,5.4638671875
BATT_MODEL:,101,0,3.0448379517,2.7652053833,5.5926513672
BATT_MODEL.capacity:,0.0261
